[{"id":1,"year":2001,"make":"ACURA","model":"CL"},{"id":2,"year":2001,"make":"ACURA","model":"EL"},{"id":3,"year":2001,"make":"ACURA","model":"INTEGRA"},{"id":4,"year":2001,"make":"ACURA","model":"MDX"},{"id":5,"year":2001,"make":"ACURA","model":"NSX"},{"id":6,"year":2001,"make":"ACURA","model":"RL"},{"id":7,"year":2001,"make":"ACURA","model":"TL"},{"id":8,"year":2001,"make":"AM GENERAL","model":"HUMMER"},{"id":9,"year":2001,"make":"AMERICAN IRONHORSE","model":"CLASSIC"},{"id":10,"year":2001,"make":"AMERICAN IRONHORSE","model":"LEGEND"}]
