[{"id":0,"year":2001,"make":"ACURA","model":"CL"},{"id":1,"year":2001,"make":"ACURA","model":"EL"},{"id":2,"year":2001,"make":"ACURA","model":"INTEGRA"},{"id":3,"year":2001,"make":"ACURA","model":"MDX"},{"id":4,"year":2001,"make":"ACURA","model":"NSX"},{"id":5,"year":2001,"make":"ACURA","model":"RL"},{"id":6,"year":2001,"make":"ACURA","model":"TL"},{"id":7,"year":2001,"make":"AM GENERAL","model":"HUMMER"},{"id":8,"year":2001,"make":"AMERICAN IRONHORSE","model":"CLASSIC"},{"id":9,"year":2001,"make":"AMERICAN IRONHORSE","model":"LEGEND"},{"id":10,"year":2001,"make":"AMERICAN IRONHORSE","model":"OUTLAW"},{"id":11,"year":2001,"make":"AMERICAN IRONHORSE","model":"RANGER"},{"id":12,"year":2001,"make":"AMERICAN IRONHORSE","model":"SLAMMER"},{"id":13,"year":2001,"make":"AMERICAN IRONHORSE","model":"TEJAS"},{"id":14,"year":2001,"make":"AMERICAN IRONHORSE","model":"THUNDER"},{"id":15,"year":2001,"make":"APRILIA","model":"ATLANTIC 500"},{"id":16,"year":2001,"make":"APRILIA","model":"ETV 1000 CAPONORD"},{"id":17,"year":2001,"make":"APRILIA","model":"MOJITO CUSTOM 50"},{"id":18,"year":2001,"make":"APRILIA","model":"MOJITO RETRO 50"},{"id":19,"year":2001,"make":"APRILIA","model":"PEGASO 650"},{"id":20,"year":2001,"make":"APRILIA","model":"RALLY 50 (AIR COOLED)"},{"id":21,"year":2001,"make":"APRILIA","model":"RS 125"},{"id":22,"year":2001,"make":"APRILIA","model":"RS 250"},{"id":23,"year":2001,"make":"APRILIA","model":"RST1000 FUTURA"},{"id":24,"year":2001,"make":"APRILIA","model":"RSV MILLE"},{"id":25,"year":2001,"make":"APRILIA","model":"RSV MILLE R"},{"id":26,"year":2001,"make":"APRILIA","model":"SCARABEO 125"},{"id":27,"year":2001,"make":"APRILIA","model":"SCARABEO 150"},{"id":28,"year":2001,"make":"APRILIA","model":"SCARABEO 50 2T"},{"id":29,"year":2001,"make":"APRILIA","model":"SCARABEO 50 DITECH"},{"id":30,"year":2001,"make":"APRILIA","model":"SL1000 FALCO"},{"id":31,"year":2001,"make":"ARCTIC CAT","model":"250 2X4"},{"id":32,"year":2001,"make":"ARCTIC CAT","model":"250 4X4"},{"id":33,"year":2001,"make":"ARCTIC CAT","model":"300 2X4"},{"id":34,"year":2001,"make":"ARCTIC CAT","model":"300 4X4"},{"id":35,"year":2001,"make":"ARCTIC CAT","model":"400 2X4"},{"id":36,"year":2001,"make":"ARCTIC CAT","model":"400 4X4"},{"id":37,"year":2001,"make":"ARCTIC CAT","model":"500 4X4"},{"id":38,"year":2001,"make":"ARCTIC CAT","model":"500 4X4 AUTO"},{"id":39,"year":2001,"make":"ARCTIC CAT","model":"BEARCAT WIDETRACK"},{"id":40,"year":2001,"make":"ARCTIC CAT","model":"MOUNTAIN CAT 1000"},{"id":41,"year":2001,"make":"ARCTIC CAT","model":"MOUNTAIN CAT 500 EFI"},{"id":42,"year":2001,"make":"ARCTIC CAT","model":"MOUNTAIN CAT 600 EFI"},{"id":43,"year":2001,"make":"ARCTIC CAT","model":"MOUNTAIN CAT 600 EFI LE"},{"id":44,"year":2001,"make":"ARCTIC CAT","model":"MOUNTAIN CAT 600 VEV"},{"id":45,"year":2001,"make":"ARCTIC CAT","model":"MOUNTAIN CAT 800"},{"id":46,"year":2001,"make":"ARCTIC CAT","model":"MOUNTAIN CAT 800 LE"},{"id":47,"year":2001,"make":"ARCTIC CAT","model":"PANTERA 1000"},{"id":48,"year":2001,"make":"ARCTIC CAT","model":"PANTERA 580 EFI"},{"id":49,"year":2001,"make":"ARCTIC CAT","model":"PANTHER 370"},{"id":50,"year":2001,"make":"ARCTIC CAT","model":"PANTHER 440"},{"id":51,"year":2001,"make":"ARCTIC CAT","model":"PANTHER 440 ESR"},{"id":52,"year":2001,"make":"ARCTIC CAT","model":"PANTHER 550"},{"id":53,"year":2001,"make":"ARCTIC CAT","model":"THUNDERCAT"},{"id":54,"year":2001,"make":"ARCTIC CAT","model":"TRIPLE TOURING"},{"id":55,"year":2001,"make":"ARCTIC CAT","model":"Z 120"},{"id":56,"year":2001,"make":"ARCTIC CAT","model":"Z 120 SNO PRO"},{"id":57,"year":2001,"make":"ARCTIC CAT","model":"Z 370"},{"id":58,"year":2001,"make":"ARCTIC CAT","model":"Z 370 ES"},{"id":59,"year":2001,"make":"ARCTIC CAT","model":"Z 440"},{"id":60,"year":2001,"make":"ARCTIC CAT","model":"Z 440 ES"},{"id":61,"year":2001,"make":"ARCTIC CAT","model":"Z 440 SNO PRO"},{"id":62,"year":2001,"make":"ARCTIC CAT","model":"ZL 500 EFI ESR"},{"id":63,"year":2001,"make":"ARCTIC CAT","model":"ZL 550"},{"id":64,"year":2001,"make":"ARCTIC CAT","model":"ZL 550 ESR"},{"id":65,"year":2001,"make":"ARCTIC CAT","model":"ZL 600 EFI"},{"id":66,"year":2001,"make":"ARCTIC CAT","model":"ZL 600 EFI ESR"},{"id":67,"year":2001,"make":"ARCTIC CAT","model":"ZL 800 ESR"},{"id":68,"year":2001,"make":"ARCTIC CAT","model":"ZR 440 SNO PRO"},{"id":69,"year":2001,"make":"ARCTIC CAT","model":"ZR 500"},{"id":70,"year":2001,"make":"ARCTIC CAT","model":"ZR 500 EFI"},{"id":71,"year":2001,"make":"ARCTIC CAT","model":"ZR 500 EFI ESR"},{"id":72,"year":2001,"make":"ARCTIC CAT","model":"ZR 600"},{"id":73,"year":2001,"make":"ARCTIC CAT","model":"ZR 600 EFI"},{"id":74,"year":2001,"make":"ARCTIC CAT","model":"ZR 600 EFI LE"},{"id":75,"year":2001,"make":"ARCTIC CAT","model":"ZR 600 VEV"},{"id":76,"year":2001,"make":"ARCTIC CAT","model":"ZR 800"},{"id":77,"year":2001,"make":"ARCTIC CAT","model":"ZR 800 LE"},{"id":78,"year":2001,"make":"ARCTIC CAT","model":"ZRT 600"},{"id":79,"year":2001,"make":"ARCTIC CAT","model":"ZRT 600 LE"},{"id":80,"year":2001,"make":"ARCTIC CAT","model":"ZRT 800"},{"id":81,"year":2001,"make":"ARCTIC CAT","model":"ZRT 800 LE"},{"id":82,"year":2001,"make":"ASTON MARTIN","model":"DB7"},{"id":83,"year":2001,"make":"ASTON MARTIN","model":"VANQUISH"},{"id":84,"year":2001,"make":"ATK","model":"125 CC"},{"id":85,"year":2001,"make":"ATK","model":"250 ENDURO"},{"id":86,"year":2001,"make":"ATK","model":"260 ENDURO"},{"id":87,"year":2001,"make":"ATK","model":"50 MX"},{"id":88,"year":2001,"make":"ATK","model":"600 DT"},{"id":89,"year":2001,"make":"ATK","model":"600 MT"},{"id":90,"year":2001,"make":"ATK","model":"605 ENDURO"},{"id":91,"year":2001,"make":"AUDI","model":"A3"},{"id":92,"year":2001,"make":"AUDI","model":"A4"},{"id":93,"year":2001,"make":"AUDI","model":"A4 QUATTRO"},{"id":94,"year":2001,"make":"AUDI","model":"A6"},{"id":95,"year":2001,"make":"AUDI","model":"A6 QUATTRO"},{"id":96,"year":2001,"make":"AUDI","model":"A8 QUATTRO"},{"id":97,"year":2001,"make":"AUDI","model":"ALLROAD QUATTRO"},{"id":98,"year":2001,"make":"AUDI","model":"S3"},{"id":99,"year":2001,"make":"AUDI","model":"S4"},{"id":100,"year":2001,"make":"AUDI","model":"S6"},{"id":101,"year":2001,"make":"AUDI","model":"S8"},{"id":102,"year":2001,"make":"AUDI","model":"TT"},{"id":103,"year":2001,"make":"AUDI","model":"TT QUATTRO"},{"id":104,"year":2001,"make":"AVANTI","model":"II"},{"id":105,"year":2001,"make":"BENTLEY","model":"ARNAGE"},{"id":106,"year":2001,"make":"BENTLEY","model":"AZURE"},{"id":107,"year":2001,"make":"BENTLEY","model":"CONTINENTAL"},{"id":108,"year":2001,"make":"BIG DOG","model":"BOXER"},{"id":109,"year":2001,"make":"BIG DOG","model":"BULLDOG"},{"id":110,"year":2001,"make":"BIG DOG","model":"HUSKY"},{"id":111,"year":2001,"make":"BIG DOG","model":"MASTIFF"},{"id":112,"year":2001,"make":"BIG DOG","model":"PITBULL"},{"id":113,"year":2001,"make":"BIG DOG","model":"PRO SPORT"},{"id":114,"year":2001,"make":"BIG DOG","model":"VINTAGE SPORT"},{"id":115,"year":2001,"make":"BIG DOG","model":"WOLF"},{"id":116,"year":2001,"make":"BIMOTA","model":"SB8R"},{"id":117,"year":2001,"make":"BLUE BIRD","model":"ALL AMERICAN"},{"id":118,"year":2001,"make":"BLUE BIRD","model":"SHL TC2000"},{"id":119,"year":2001,"make":"BLUE BIRD","model":"TC2000"},{"id":120,"year":2001,"make":"BLUE BIRD","model":"WANDERLODGE"},{"id":121,"year":2001,"make":"BMW","model":"320I"},{"id":122,"year":2001,"make":"BMW","model":"323I"},{"id":123,"year":2001,"make":"BMW","model":"325CI"},{"id":124,"year":2001,"make":"BMW","model":"325I"},{"id":125,"year":2001,"make":"BMW","model":"325XI"},{"id":126,"year":2001,"make":"BMW","model":"330CI"},{"id":127,"year":2001,"make":"BMW","model":"330I"},{"id":128,"year":2001,"make":"BMW","model":"330XI"},{"id":129,"year":2001,"make":"BMW","model":"525I"},{"id":130,"year":2001,"make":"BMW","model":"530I"},{"id":131,"year":2001,"make":"BMW","model":"540I"},{"id":132,"year":2001,"make":"BMW","model":"740I"},{"id":133,"year":2001,"make":"BMW","model":"740IL"},{"id":134,"year":2001,"make":"BMW","model":"750IL"},{"id":135,"year":2001,"make":"BMW","model":"F650 ENDURO"},{"id":136,"year":2001,"make":"BMW","model":"F650CS"},{"id":137,"year":2001,"make":"BMW","model":"F650GS"},{"id":138,"year":2001,"make":"BMW","model":"F650GS ABS"},{"id":139,"year":2001,"make":"BMW","model":"F650GS DAKAR"},{"id":140,"year":2001,"make":"BMW","model":"K1200LT"},{"id":141,"year":2001,"make":"BMW","model":"K1200LTC"},{"id":142,"year":2001,"make":"BMW","model":"K1200LTI ICON"},{"id":143,"year":2001,"make":"BMW","model":"K1200RS"},{"id":144,"year":2001,"make":"BMW","model":"M3"},{"id":145,"year":2001,"make":"BMW","model":"M5"},{"id":146,"year":2001,"make":"BMW","model":"R1100RL"},{"id":147,"year":2001,"make":"BMW","model":"R1100RS ABS"},{"id":148,"year":2001,"make":"BMW","model":"R1100RT"},{"id":149,"year":2001,"make":"BMW","model":"R1100S"},{"id":150,"year":2001,"make":"BMW","model":"R1100SA"},{"id":151,"year":2001,"make":"BMW","model":"R1150GS"},{"id":152,"year":2001,"make":"BMW","model":"R1150R"},{"id":153,"year":2001,"make":"BMW","model":"R1150RS"},{"id":154,"year":2001,"make":"BMW","model":"R1150RT"},{"id":155,"year":2001,"make":"BMW","model":"R1200C"},{"id":156,"year":2001,"make":"BMW","model":"R1200C AVANTGARDE"},{"id":157,"year":2001,"make":"BMW","model":"R1200C CLASSIC"},{"id":158,"year":2001,"make":"BMW","model":"R1200C EURO"},{"id":159,"year":2001,"make":"BMW","model":"R1200C INDEPENDENT"},{"id":160,"year":2001,"make":"BMW","model":"R1200C MONTANA"},{"id":161,"year":2001,"make":"BMW","model":"R1200C PHOENIX"},{"id":162,"year":2001,"make":"BMW","model":"R1200C STILETTO"},{"id":163,"year":2001,"make":"BMW","model":"R850R"},{"id":164,"year":2001,"make":"BMW","model":"X5"},{"id":165,"year":2001,"make":"BMW","model":"Z3"},{"id":166,"year":2001,"make":"BMW","model":"Z8"},{"id":167,"year":2001,"make":"BOMBARDIER","model":"DS650"},{"id":168,"year":2001,"make":"BOMBARDIER","model":"DS650 BAJA"},{"id":169,"year":2001,"make":"BOMBARDIER","model":"DS650 RACER"},{"id":170,"year":2001,"make":"BOMBARDIER","model":"TRAXTER 500 4X4 AUTO"},{"id":171,"year":2001,"make":"BOMBARDIER","model":"TRAXTER 500 4X4 AUTO XT"},{"id":172,"year":2001,"make":"BOMBARDIER","model":"TRAXTER 500 XL"},{"id":173,"year":2001,"make":"BUELL","model":"BLAST"},{"id":174,"year":2001,"make":"BUELL","model":"M2 CYCLONE"},{"id":175,"year":2001,"make":"BUELL","model":"S3 THUNDERBOLT"},{"id":176,"year":2001,"make":"BUELL","model":"S3T THUNDERBOLT"},{"id":177,"year":2001,"make":"BUELL","model":"X1 LIGHTNING"},{"id":178,"year":2001,"make":"BUICK","model":"CENTURY"},{"id":179,"year":2001,"make":"BUICK","model":"LESABRE"},{"id":180,"year":2001,"make":"BUICK","model":"PARK AVENUE"},{"id":181,"year":2001,"make":"BUICK","model":"REGAL"},{"id":182,"year":2001,"make":"CADILLAC","model":"CATERA"},{"id":183,"year":2001,"make":"CADILLAC","model":"DEVILLE"},{"id":184,"year":2001,"make":"CADILLAC","model":"ELDORADO"},{"id":185,"year":2001,"make":"CADILLAC","model":"SEVILLE"},{"id":186,"year":2001,"make":"CANNONDALE","model":"FX400"},{"id":187,"year":2001,"make":"CANNONDALE","model":"MX400"},{"id":188,"year":2001,"make":"CHANCE COACH TRANSIT BUS","model":"CNG-28"},{"id":189,"year":2001,"make":"CHEVROLET","model":"ASTRA"},{"id":190,"year":2001,"make":"CHEVROLET","model":"ASTRO"},{"id":191,"year":2001,"make":"CHEVROLET","model":"B7"},{"id":192,"year":2001,"make":"CHEVROLET","model":"BLAZER"},{"id":193,"year":2001,"make":"CHEVROLET","model":"C3500"},{"id":194,"year":2001,"make":"CHEVROLET","model":"C3500HD"},{"id":195,"year":2001,"make":"CHEVROLET","model":"C6500 KODIAK"},{"id":196,"year":2001,"make":"CHEVROLET","model":"C7500 KODIAK"},{"id":197,"year":2001,"make":"CHEVROLET","model":"CAMARO"},{"id":198,"year":2001,"make":"CHEVROLET","model":"CAVALIER"},{"id":199,"year":2001,"make":"CHEVROLET","model":"CHEVY"},{"id":200,"year":2001,"make":"CHEVROLET","model":"CHEVY PICKUP"},{"id":201,"year":2001,"make":"CHEVROLET","model":"CORVETTE"},{"id":202,"year":2001,"make":"CHEVROLET","model":"EXPRESS 1500"},{"id":203,"year":2001,"make":"CHEVROLET","model":"EXPRESS 2500"},{"id":204,"year":2001,"make":"CHEVROLET","model":"EXPRESS 3500"},{"id":205,"year":2001,"make":"CHEVROLET","model":"G30"},{"id":206,"year":2001,"make":"CHEVROLET","model":"IMPALA"},{"id":207,"year":2001,"make":"CHEVROLET","model":"LUMINA"},{"id":208,"year":2001,"make":"CHEVROLET","model":"LUV"},{"id":209,"year":2001,"make":"CHEVROLET","model":"MALIBU"},{"id":210,"year":2001,"make":"CHEVROLET","model":"METRO"},{"id":211,"year":2001,"make":"CHEVROLET","model":"MONTE CARLO"},{"id":212,"year":2001,"make":"CHEVROLET","model":"P30"},{"id":213,"year":2001,"make":"CHEVROLET","model":"PRIZM"},{"id":214,"year":2001,"make":"CHEVROLET","model":"S10"},{"id":215,"year":2001,"make":"CHEVROLET","model":"SILVERADO 1500"},{"id":216,"year":2001,"make":"CHEVROLET","model":"SILVERADO 1500 HD"},{"id":217,"year":2001,"make":"CHEVROLET","model":"SILVERADO 2500"},{"id":218,"year":2001,"make":"CHEVROLET","model":"SILVERADO 2500 HD"},{"id":219,"year":2001,"make":"CHEVROLET","model":"SILVERADO 3500"},{"id":220,"year":2001,"make":"CHEVROLET","model":"SONORA"},{"id":221,"year":2001,"make":"CHEVROLET","model":"SUBURBAN 1500"},{"id":222,"year":2001,"make":"CHEVROLET","model":"SUBURBAN 2500"},{"id":223,"year":2001,"make":"CHEVROLET","model":"T6500"},{"id":224,"year":2001,"make":"CHEVROLET","model":"T7500"},{"id":225,"year":2001,"make":"CHEVROLET","model":"TAHOE"},{"id":226,"year":2001,"make":"CHEVROLET","model":"TRACKER"},{"id":227,"year":2001,"make":"CHEVROLET","model":"VENTURE"},{"id":228,"year":2001,"make":"CHEVROLET","model":"W3500 TILTMASTER"},{"id":229,"year":2001,"make":"CHEVROLET","model":"W4500 TILTMASTER"},{"id":230,"year":2001,"make":"CHEVROLET","model":"W5500 TILTMASTER"},{"id":231,"year":2001,"make":"CHRYSLER","model":"300M"},{"id":232,"year":2001,"make":"CHRYSLER","model":"CIRRUS"},{"id":233,"year":2001,"make":"CHRYSLER","model":"CONCORDE"},{"id":234,"year":2001,"make":"CHRYSLER","model":"GRAND VOYAGER"},{"id":235,"year":2001,"make":"CHRYSLER","model":"INTREPID"},{"id":236,"year":2001,"make":"CHRYSLER","model":"LHS"},{"id":237,"year":2001,"make":"CHRYSLER","model":"NEON"},{"id":238,"year":2001,"make":"CHRYSLER","model":"PROWLER"},{"id":239,"year":2001,"make":"CHRYSLER","model":"PT CRUISER"},{"id":240,"year":2001,"make":"CHRYSLER","model":"SEBRING"},{"id":241,"year":2001,"make":"CHRYSLER","model":"TOWN & COUNTRY"},{"id":242,"year":2001,"make":"CHRYSLER","model":"VOYAGER"},{"id":243,"year":2001,"make":"COBRA","model":"CM50"},{"id":244,"year":2001,"make":"COBRA","model":"KING"},{"id":245,"year":2001,"make":"DAEWOO","model":"LANOS"},{"id":246,"year":2001,"make":"DAEWOO","model":"LEGANZA"},{"id":247,"year":2001,"make":"DAEWOO","model":"NUBIRA"},{"id":248,"year":2001,"make":"DODGE","model":"ATOS"},{"id":249,"year":2001,"make":"DODGE","model":"CARAVAN"},{"id":250,"year":2001,"make":"DODGE","model":"DAKOTA"},{"id":251,"year":2001,"make":"DODGE","model":"DURANGO"},{"id":252,"year":2001,"make":"DODGE","model":"GRAND CARAVAN"},{"id":253,"year":2001,"make":"DODGE","model":"INTREPID"},{"id":254,"year":2001,"make":"DODGE","model":"NEON"},{"id":255,"year":2001,"make":"DODGE","model":"RAM 1500"},{"id":256,"year":2001,"make":"DODGE","model":"RAM 1500 PICKUP"},{"id":257,"year":2001,"make":"DODGE","model":"RAM 1500 TRUCK"},{"id":258,"year":2001,"make":"DODGE","model":"RAM 1500 VAN"},{"id":259,"year":2001,"make":"DODGE","model":"RAM 2500"},{"id":260,"year":2001,"make":"DODGE","model":"RAM 2500 PICKUP"},{"id":261,"year":2001,"make":"DODGE","model":"RAM 2500 TRUCK"},{"id":262,"year":2001,"make":"DODGE","model":"RAM 2500 VAN"},{"id":263,"year":2001,"make":"DODGE","model":"RAM 3500"},{"id":264,"year":2001,"make":"DODGE","model":"RAM 3500 PICKUP"},{"id":265,"year":2001,"make":"DODGE","model":"RAM 3500 TRUCK"},{"id":266,"year":2001,"make":"DODGE","model":"RAM 3500 VAN"},{"id":267,"year":2001,"make":"DODGE","model":"RAM 4000"},{"id":268,"year":2001,"make":"DODGE","model":"STRATUS"},{"id":269,"year":2001,"make":"DODGE","model":"VIPER"},{"id":270,"year":2001,"make":"DUCATI","model":"748"},{"id":271,"year":2001,"make":"DUCATI","model":"748 MONOPOSTO"},{"id":272,"year":2001,"make":"DUCATI","model":"748R"},{"id":273,"year":2001,"make":"DUCATI","model":"748S"},{"id":274,"year":2001,"make":"DUCATI","model":"748S MONOPOSTO"},{"id":275,"year":2001,"make":"DUCATI","model":"750 SPORT"},{"id":276,"year":2001,"make":"DUCATI","model":"900"},{"id":277,"year":2001,"make":"DUCATI","model":"996 BIPOSTO"},{"id":278,"year":2001,"make":"DUCATI","model":"996 MONOPOSTO"},{"id":279,"year":2001,"make":"DUCATI","model":"996R"},{"id":280,"year":2001,"make":"DUCATI","model":"996S"},{"id":281,"year":2001,"make":"DUCATI","model":"996S MONOPOSTO"},{"id":282,"year":2001,"make":"DUCATI","model":"MH900E"},{"id":283,"year":2001,"make":"DUCATI","model":"MONSTER 400"},{"id":284,"year":2001,"make":"DUCATI","model":"MONSTER 400 METALLIC"},{"id":285,"year":2001,"make":"DUCATI","model":"MONSTER 600 DARK"},{"id":286,"year":2001,"make":"DUCATI","model":"MONSTER 750"},{"id":287,"year":2001,"make":"DUCATI","model":"MONSTER 750 DARK"},{"id":288,"year":2001,"make":"DUCATI","model":"MONSTER 750 METALLIC"},{"id":289,"year":2001,"make":"DUCATI","model":"MONSTER 900"},{"id":290,"year":2001,"make":"DUCATI","model":"MONSTER 900 CROMO"},{"id":291,"year":2001,"make":"DUCATI","model":"MONSTER 900 DARK"},{"id":292,"year":2001,"make":"DUCATI","model":"MONSTER 900 METALLIC"},{"id":293,"year":2001,"make":"DUCATI","model":"MONSTER 900S"},{"id":294,"year":2001,"make":"DUCATI","model":"MONSTER S4"},{"id":295,"year":2001,"make":"DUCATI","model":"ST2"},{"id":296,"year":2001,"make":"DUCATI","model":"ST4"},{"id":297,"year":2001,"make":"E-TON","model":"AXL 50"},{"id":298,"year":2001,"make":"E-TON","model":"AXL 90"},{"id":299,"year":2001,"make":"E-TON","model":"BEAMER"},{"id":300,"year":2001,"make":"E-TON","model":"DXL 90"},{"id":301,"year":2001,"make":"E-TON","model":"LIGHTNING 50"},{"id":302,"year":2001,"make":"E-TON","model":"SIERRA 90"},{"id":303,"year":2001,"make":"E-TON","model":"TXL 50"},{"id":304,"year":2001,"make":"E-TON","model":"TXL 90"},{"id":305,"year":2001,"make":"E-TON","model":"YUKON"},{"id":306,"year":2001,"make":"E-TON","model":"YXL 150"},{"id":307,"year":2001,"make":"EL DORADO","model":"E-Z RIDER"},{"id":308,"year":2001,"make":"EL DORADO","model":"TRANSMARK RE"},{"id":309,"year":2001,"make":"FERRARI","model":"360"},{"id":310,"year":2001,"make":"FERRARI","model":"456 M"},{"id":311,"year":2001,"make":"FERRARI","model":"550 MARANELLO"},{"id":312,"year":2001,"make":"FORD","model":"COURIER"},{"id":313,"year":2001,"make":"FORD","model":"CROWN VICTORIA"},{"id":314,"year":2001,"make":"FORD","model":"E SUPER DUTY"},{"id":315,"year":2001,"make":"FORD","model":"E-150 ECONOLINE"},{"id":316,"year":2001,"make":"FORD","model":"E-150 ECONOLINE CLUB WAGON"},{"id":317,"year":2001,"make":"FORD","model":"E-250 ECONOLINE"},{"id":318,"year":2001,"make":"FORD","model":"E-350 ECONOLINE"},{"id":319,"year":2001,"make":"FORD","model":"E-350 ECONOLINE CLUB WAGON"},{"id":320,"year":2001,"make":"FORD","model":"E-450 ECONOLINE SUPER DUTY"},{"id":321,"year":2001,"make":"FORD","model":"E-450 ECONOLINE SUPER DUTY S"},{"id":322,"year":2001,"make":"FORD","model":"E-450 ECONOLINE SUPER DUTY STRIPPED"},{"id":323,"year":2001,"make":"FORD","model":"ECONOLINE"},{"id":324,"year":2001,"make":"FORD","model":"ESCAPE"},{"id":325,"year":2001,"make":"FORD","model":"ESCORT"},{"id":326,"year":2001,"make":"FORD","model":"EXCURSION"},{"id":327,"year":2001,"make":"FORD","model":"EXPEDITION"},{"id":328,"year":2001,"make":"FORD","model":"EXPLORER"},{"id":329,"year":2001,"make":"FORD","model":"EXPLORER SPORT TRAC"},{"id":330,"year":2001,"make":"FORD","model":"F-100 RANGER"},{"id":331,"year":2001,"make":"FORD","model":"F-150"},{"id":332,"year":2001,"make":"FORD","model":"F-250"},{"id":333,"year":2001,"make":"FORD","model":"F-250 SUPER DUTY"},{"id":334,"year":2001,"make":"FORD","model":"F-350"},{"id":335,"year":2001,"make":"FORD","model":"F-350 SUPER DUTY"},{"id":336,"year":2001,"make":"FORD","model":"F-450"},{"id":337,"year":2001,"make":"FORD","model":"F-450 SUPER DUTY"},{"id":338,"year":2001,"make":"FORD","model":"F-550 SUPER DUTY"},{"id":339,"year":2001,"make":"FORD","model":"F53"},{"id":340,"year":2001,"make":"FORD","model":"F650"},{"id":341,"year":2001,"make":"FORD","model":"F750"},{"id":342,"year":2001,"make":"FORD","model":"FIESTA"},{"id":343,"year":2001,"make":"FORD","model":"FOCUS"},{"id":344,"year":2001,"make":"FORD","model":"GRAND MARQUIS"},{"id":345,"year":2001,"make":"FORD","model":"KA"},{"id":346,"year":2001,"make":"FORD","model":"LOBO"},{"id":347,"year":2001,"make":"FORD","model":"MONDEO"},{"id":348,"year":2001,"make":"FORD","model":"MUSTANG"},{"id":349,"year":2001,"make":"FORD","model":"RANGER"},{"id":350,"year":2001,"make":"FORD","model":"SABLE"},{"id":351,"year":2001,"make":"FORD","model":"TAURUS"},{"id":352,"year":2001,"make":"FORD","model":"WINDSTAR"},{"id":353,"year":2001,"make":"FREIGHTLINER","model":"ARGOSY"},{"id":354,"year":2001,"make":"FREIGHTLINER","model":"CENTURY CLASS"},{"id":355,"year":2001,"make":"FREIGHTLINER","model":"CLASSIC"},{"id":356,"year":2001,"make":"FREIGHTLINER","model":"CLASSIC XL"},{"id":357,"year":2001,"make":"FREIGHTLINER","model":"COLUMBIA"},{"id":358,"year":2001,"make":"FREIGHTLINER","model":"CONDOR"},{"id":359,"year":2001,"make":"FREIGHTLINER","model":"CORONADO"},{"id":360,"year":2001,"make":"FREIGHTLINER","model":"FC70"},{"id":361,"year":2001,"make":"FREIGHTLINER","model":"FC80"},{"id":362,"year":2001,"make":"FREIGHTLINER","model":"FL106"},{"id":363,"year":2001,"make":"FREIGHTLINER","model":"FL112"},{"id":364,"year":2001,"make":"FREIGHTLINER","model":"FL50"},{"id":365,"year":2001,"make":"FREIGHTLINER","model":"FL60"},{"id":366,"year":2001,"make":"FREIGHTLINER","model":"FL70"},{"id":367,"year":2001,"make":"FREIGHTLINER","model":"FL80"},{"id":368,"year":2001,"make":"FREIGHTLINER","model":"FS65"},{"id":369,"year":2001,"make":"FREIGHTLINER","model":"MT35"},{"id":370,"year":2001,"make":"FREIGHTLINER","model":"MT45"},{"id":371,"year":2001,"make":"FREIGHTLINER","model":"MT55"},{"id":372,"year":2001,"make":"GAS GAS","model":"ENDUCROSS EC 200"},{"id":373,"year":2001,"make":"GAS GAS","model":"ENDUCROSS EC 250"},{"id":374,"year":2001,"make":"GAS GAS","model":"ENDUCROSS EC 300"},{"id":375,"year":2001,"make":"GILLIG","model":"LOW FLOOR"},{"id":376,"year":2001,"make":"GMC","model":"B7"},{"id":377,"year":2001,"make":"GMC","model":"C3500"},{"id":378,"year":2001,"make":"GMC","model":"C3500HD"},{"id":379,"year":2001,"make":"GMC","model":"C6500 TOPKICK"},{"id":380,"year":2001,"make":"GMC","model":"C7500 TOPKICK"},{"id":381,"year":2001,"make":"GMC","model":"JIMMY"},{"id":382,"year":2001,"make":"GMC","model":"SAFARI"},{"id":383,"year":2001,"make":"GMC","model":"SAVANA 1500"},{"id":384,"year":2001,"make":"GMC","model":"SAVANA 2500"},{"id":385,"year":2001,"make":"GMC","model":"SAVANA 3500"},{"id":386,"year":2001,"make":"GMC","model":"SIERRA 1500"},{"id":387,"year":2001,"make":"GMC","model":"SIERRA 1500 HD"},{"id":388,"year":2001,"make":"GMC","model":"SIERRA 2500"},{"id":389,"year":2001,"make":"GMC","model":"SIERRA 2500 HD"},{"id":390,"year":2001,"make":"GMC","model":"SIERRA 3500"},{"id":391,"year":2001,"make":"GMC","model":"SIERRA C3"},{"id":392,"year":2001,"make":"GMC","model":"SONOMA"},{"id":393,"year":2001,"make":"GMC","model":"T6500"},{"id":394,"year":2001,"make":"GMC","model":"T7500"},{"id":395,"year":2001,"make":"GMC","model":"W3500 FORWARD"},{"id":396,"year":2001,"make":"GMC","model":"W4500 FORWARD"},{"id":397,"year":2001,"make":"GMC","model":"W5500 FORWARD"},{"id":398,"year":2001,"make":"GMC","model":"YUKON"},{"id":399,"year":2001,"make":"GMC","model":"YUKON XL 1500"},{"id":400,"year":2001,"make":"GMC","model":"YUKON XL 2500"},{"id":401,"year":2001,"make":"HARLEY DAVIDSON","model":"FLHR ROAD KING"},{"id":402,"year":2001,"make":"HARLEY DAVIDSON","model":"FLHRCI ROAD KING CLASSIC"},{"id":403,"year":2001,"make":"HARLEY DAVIDSON","model":"FLHRI ROAD KING"},{"id":404,"year":2001,"make":"HARLEY DAVIDSON","model":"FLHT ELECTRA GLIDE STANDARD"},{"id":405,"year":2001,"make":"HARLEY DAVIDSON","model":"FLHTC ELECTRA GLIDE CLASSIC"},{"id":406,"year":2001,"make":"HARLEY DAVIDSON","model":"FLHTCI ELECTRA GLIDE CLASSIC"},{"id":407,"year":2001,"make":"HARLEY DAVIDSON","model":"FLHTCUI ELECTRA GLIDE ULTRA CLASSIC"},{"id":408,"year":2001,"make":"HARLEY DAVIDSON","model":"FLSTC HERITAGE SOFTAIL CLASSIC"},{"id":409,"year":2001,"make":"HARLEY DAVIDSON","model":"FLSTCI HERITAGE SOFTAIL CLASSIC"},{"id":410,"year":2001,"make":"HARLEY DAVIDSON","model":"FLSTF FAT BOY"},{"id":411,"year":2001,"make":"HARLEY DAVIDSON","model":"FLSTFI FAT BOY"},{"id":412,"year":2001,"make":"HARLEY DAVIDSON","model":"FLSTS HERITAGE SPRINGER"},{"id":413,"year":2001,"make":"HARLEY DAVIDSON","model":"FLSTSI HERITAGE SPRINGER"},{"id":414,"year":2001,"make":"HARLEY DAVIDSON","model":"FLTR ROAD GLIDE"},{"id":415,"year":2001,"make":"HARLEY DAVIDSON","model":"FLTRI ROAD GLIDE"},{"id":416,"year":2001,"make":"HARLEY DAVIDSON","model":"FLTRSEI2 SCREAMIN EAGLE ROAD GLIDE"},{"id":417,"year":2001,"make":"HARLEY DAVIDSON","model":"FXD DYNA SUPER GLIDE"},{"id":418,"year":2001,"make":"HARLEY DAVIDSON","model":"FXDL DYNA LOW RIDER"},{"id":419,"year":2001,"make":"HARLEY DAVIDSON","model":"FXDWG DYNA WIDE GLIDE"},{"id":420,"year":2001,"make":"HARLEY DAVIDSON","model":"FXDWG2"},{"id":421,"year":2001,"make":"HARLEY DAVIDSON","model":"FXDX DYNA SUPER GLIDE SPORT"},{"id":422,"year":2001,"make":"HARLEY DAVIDSON","model":"FXDXT DYNA SUPER GLIDE T-SPORT"},{"id":423,"year":2001,"make":"HARLEY DAVIDSON","model":"FXST SOFTAIL STANDARD"},{"id":424,"year":2001,"make":"HARLEY DAVIDSON","model":"FXSTB NIGHT TRAIN"},{"id":425,"year":2001,"make":"HARLEY DAVIDSON","model":"FXSTBI NIGHT TRAIN"},{"id":426,"year":2001,"make":"HARLEY DAVIDSON","model":"FXSTD SOFTAIL DEUCE"},{"id":427,"year":2001,"make":"HARLEY DAVIDSON","model":"FXSTDI SOFTAIL DEUCE"},{"id":428,"year":2001,"make":"HARLEY DAVIDSON","model":"FXSTI SOFTAIL STANDARD"},{"id":429,"year":2001,"make":"HARLEY DAVIDSON","model":"FXSTS SPRINGER SOFTAIL"},{"id":430,"year":2001,"make":"HARLEY DAVIDSON","model":"FXSTSI SPRINGER SOFTAIL"},{"id":431,"year":2001,"make":"HARLEY DAVIDSON","model":"XL1200C SPORTSTER 1200 CUSTOM"},{"id":432,"year":2001,"make":"HARLEY DAVIDSON","model":"XL1200S SPORTSTER 1200 SPORT"},{"id":433,"year":2001,"make":"HARLEY DAVIDSON","model":"XL883C SPORTSTER 883 CUSTOM"},{"id":434,"year":2001,"make":"HARLEY DAVIDSON","model":"XLH1200"},{"id":435,"year":2001,"make":"HARLEY DAVIDSON","model":"XLH883"},{"id":436,"year":2001,"make":"HARLEY DAVIDSON","model":"XLH883HUG SPORTSTER 883 HUGGER"},{"id":437,"year":2001,"make":"HINO","model":"FA1517"},{"id":438,"year":2001,"make":"HINO","model":"FB1817"},{"id":439,"year":2001,"make":"HINO","model":"FD2220"},{"id":440,"year":2001,"make":"HINO","model":"FE2620"},{"id":441,"year":2001,"make":"HINO","model":"FF3020"},{"id":442,"year":2001,"make":"HINO","model":"SG3320"},{"id":443,"year":2001,"make":"HINO","model":"SG3325"},{"id":444,"year":2001,"make":"HM","model":"CRE 50"},{"id":445,"year":2001,"make":"HONDA","model":"ACCORD"},{"id":446,"year":2001,"make":"HONDA","model":"CB250 NIGHTHAWK"},{"id":447,"year":2001,"make":"HONDA","model":"CB750 NIGHTHAWK"},{"id":448,"year":2001,"make":"HONDA","model":"CBR1100XX SUPER BLACKBIRD"},{"id":449,"year":2001,"make":"HONDA","model":"CBR600F F4I"},{"id":450,"year":2001,"make":"HONDA","model":"CBR929RR"},{"id":451,"year":2001,"make":"HONDA","model":"CH80 ELITE"},{"id":452,"year":2001,"make":"HONDA","model":"CIVIC"},{"id":453,"year":2001,"make":"HONDA","model":"CMX250C REBEL"},{"id":454,"year":2001,"make":"HONDA","model":"CN250 HELIX"},{"id":455,"year":2001,"make":"HONDA","model":"CR-V"},{"id":456,"year":2001,"make":"HONDA","model":"CR125R"},{"id":457,"year":2001,"make":"HONDA","model":"CR250R"},{"id":458,"year":2001,"make":"HONDA","model":"CR500R"},{"id":459,"year":2001,"make":"HONDA","model":"CR80R"},{"id":460,"year":2001,"make":"HONDA","model":"CR80RB EXPERT"},{"id":461,"year":2001,"make":"HONDA","model":"GL1500C/CD VALKYRIE"},{"id":462,"year":2001,"make":"HONDA","model":"GL1500CF VALKYRIE INTERSTATE"},{"id":463,"year":2001,"make":"HONDA","model":"GL1800 GOLD WING"},{"id":464,"year":2001,"make":"HONDA","model":"GL1800A GOLD WING ABS"},{"id":465,"year":2001,"make":"HONDA","model":"INSIGHT"},{"id":466,"year":2001,"make":"HONDA","model":"NSS 250 JAZZ"},{"id":467,"year":2001,"make":"HONDA","model":"NSS250 REFLEX"},{"id":468,"year":2001,"make":"HONDA","model":"NSS250A REFLEX ABS"},{"id":469,"year":2001,"make":"HONDA","model":"ODYSSEY"},{"id":470,"year":2001,"make":"HONDA","model":"PASSPORT"},{"id":471,"year":2001,"make":"HONDA","model":"PRELUDE"},{"id":472,"year":2001,"make":"HONDA","model":"RVT1000R RC51"},{"id":473,"year":2001,"make":"HONDA","model":"S2000"},{"id":474,"year":2001,"make":"HONDA","model":"SA50 ELITE SR"},{"id":475,"year":2001,"make":"HONDA","model":"SA50P ELITE S"},{"id":476,"year":2001,"make":"HONDA","model":"ST1100"},{"id":477,"year":2001,"make":"HONDA","model":"ST1100 ABS"},{"id":478,"year":2001,"make":"HONDA","model":"TRX250EX SPORTRAX"},{"id":479,"year":2001,"make":"HONDA","model":"TRX250TM FOURTRAX RECON"},{"id":480,"year":2001,"make":"HONDA","model":"TRX300EX SPORTRAX"},{"id":481,"year":2001,"make":"HONDA","model":"TRX350FE FOURTRAX RANCHER 4X4 ES"},{"id":482,"year":2001,"make":"HONDA","model":"TRX350FM FOURTRAX RANCHER 4X4"},{"id":483,"year":2001,"make":"HONDA","model":"TRX350TE FOURTRAX RANCHER ES"},{"id":484,"year":2001,"make":"HONDA","model":"TRX350TM FOURTRAX RANCHER"},{"id":485,"year":2001,"make":"HONDA","model":"TRX400EX SPORTRAX"},{"id":486,"year":2001,"make":"HONDA","model":"TRX400FW FOREMAN 4X4"},{"id":487,"year":2001,"make":"HONDA","model":"TRX450FE FOURTRAX FOREMAN ES"},{"id":488,"year":2001,"make":"HONDA","model":"TRX450FM FOURTRAX FOREMAN S"},{"id":489,"year":2001,"make":"HONDA","model":"TRX500FA FOURTRAX FOREMAN RUBICON"},{"id":490,"year":2001,"make":"HONDA","model":"TRX90 SPORTRAX"},{"id":491,"year":2001,"make":"HONDA","model":"VF750C MAGNA"},{"id":492,"year":2001,"make":"HONDA","model":"VFR800 INTERCEPTOR"},{"id":493,"year":2001,"make":"HONDA","model":"VT1100C SHADOW SPIRIT"},{"id":494,"year":2001,"make":"HONDA","model":"VT1100C2 SHADOW SABRE"},{"id":495,"year":2001,"make":"HONDA","model":"VT1100C3 SHADOW AERO"},{"id":496,"year":2001,"make":"HONDA","model":"VT1100T SHADOW ACE TOUR"},{"id":497,"year":2001,"make":"HONDA","model":"VT600C SHADOW VLX"},{"id":498,"year":2001,"make":"HONDA","model":"VT600CD SHADOW VLX DELUXE"},{"id":499,"year":2001,"make":"HONDA","model":"VT750C/CD SHADOW ACE"},{"id":500,"year":2001,"make":"HONDA","model":"VT750DC SHADOW SPIRIT"},{"id":501,"year":2001,"make":"HONDA","model":"VTR1000 SUPER HAWK"},{"id":502,"year":2001,"make":"HONDA","model":"XR100R"},{"id":503,"year":2001,"make":"HONDA","model":"XR200R"},{"id":504,"year":2001,"make":"HONDA","model":"XR250R"},{"id":505,"year":2001,"make":"HONDA","model":"XR400R"},{"id":506,"year":2001,"make":"HONDA","model":"XR50R"},{"id":507,"year":2001,"make":"HONDA","model":"XR650L"},{"id":508,"year":2001,"make":"HONDA","model":"XR650R"},{"id":509,"year":2001,"make":"HONDA","model":"XR70R"},{"id":510,"year":2001,"make":"HONDA","model":"XR80R"},{"id":511,"year":2001,"make":"HUSABERG","model":"FC470"},{"id":512,"year":2001,"make":"HUSABERG","model":"FC550"},{"id":513,"year":2001,"make":"HUSABERG","model":"FE400E"},{"id":514,"year":2001,"make":"HUSABERG","model":"FE501E"},{"id":515,"year":2001,"make":"HUSABERG","model":"FE650E"},{"id":516,"year":2001,"make":"HUSABERG","model":"FX470E"},{"id":517,"year":2001,"make":"HUSABERG","model":"FX650E"},{"id":518,"year":2001,"make":"HUSQVARNA","model":"CR125"},{"id":519,"year":2001,"make":"HUSQVARNA","model":"CR250"},{"id":520,"year":2001,"make":"HUSQVARNA","model":"CR50"},{"id":521,"year":2001,"make":"HUSQVARNA","model":"TC610"},{"id":522,"year":2001,"make":"HUSQVARNA","model":"TE400"},{"id":523,"year":2001,"make":"HUSQVARNA","model":"TE410"},{"id":524,"year":2001,"make":"HUSQVARNA","model":"TE570"},{"id":525,"year":2001,"make":"HUSQVARNA","model":"TE610"},{"id":526,"year":2001,"make":"HUSQVARNA","model":"WR125"},{"id":527,"year":2001,"make":"HUSQVARNA","model":"WR250"},{"id":528,"year":2001,"make":"HUSQVARNA","model":"WR360"},{"id":529,"year":2001,"make":"HYUNDAI","model":"ACCENT"},{"id":530,"year":2001,"make":"HYUNDAI","model":"ELANTRA"},{"id":531,"year":2001,"make":"HYUNDAI","model":"SANTA FE"},{"id":532,"year":2001,"make":"HYUNDAI","model":"SONATA"},{"id":533,"year":2001,"make":"HYUNDAI","model":"TIBURON"},{"id":534,"year":2001,"make":"HYUNDAI","model":"XG300"},{"id":535,"year":2001,"make":"INDIAN","model":"CHIEF"},{"id":536,"year":2001,"make":"INDIAN","model":"SCOUT"},{"id":537,"year":2001,"make":"INDIAN","model":"SPIRIT"},{"id":538,"year":2001,"make":"INFINITI","model":"G20"},{"id":539,"year":2001,"make":"INFINITI","model":"I30"},{"id":540,"year":2001,"make":"INFINITI","model":"Q45"},{"id":541,"year":2001,"make":"INFINITI","model":"QX4"},{"id":542,"year":2001,"make":"INTERNATIONAL","model":"1652SC"},{"id":543,"year":2001,"make":"INTERNATIONAL","model":"2554"},{"id":544,"year":2001,"make":"INTERNATIONAL","model":"2574"},{"id":545,"year":2001,"make":"INTERNATIONAL","model":"2654"},{"id":546,"year":2001,"make":"INTERNATIONAL","model":"2674"},{"id":547,"year":2001,"make":"INTERNATIONAL","model":"3000"},{"id":548,"year":2001,"make":"INTERNATIONAL","model":"3000IC"},{"id":549,"year":2001,"make":"INTERNATIONAL","model":"3400"},{"id":550,"year":2001,"make":"INTERNATIONAL","model":"3600"},{"id":551,"year":2001,"make":"INTERNATIONAL","model":"3800"},{"id":552,"year":2001,"make":"INTERNATIONAL","model":"4700"},{"id":553,"year":2001,"make":"INTERNATIONAL","model":"4700LP"},{"id":554,"year":2001,"make":"INTERNATIONAL","model":"4700LPX"},{"id":555,"year":2001,"make":"INTERNATIONAL","model":"4800"},{"id":556,"year":2001,"make":"INTERNATIONAL","model":"4900"},{"id":557,"year":2001,"make":"INTERNATIONAL","model":"5500I"},{"id":558,"year":2001,"make":"INTERNATIONAL","model":"5600I"},{"id":559,"year":2001,"make":"INTERNATIONAL","model":"5900I SBA"},{"id":560,"year":2001,"make":"INTERNATIONAL","model":"8100"},{"id":561,"year":2001,"make":"INTERNATIONAL","model":"9100I SBA"},{"id":562,"year":2001,"make":"INTERNATIONAL","model":"9200I SBA"},{"id":563,"year":2001,"make":"INTERNATIONAL","model":"9400I SBA"},{"id":564,"year":2001,"make":"INTERNATIONAL","model":"9900I SFA"},{"id":565,"year":2001,"make":"INTERNATIONAL","model":"9900IX SFA"},{"id":566,"year":2001,"make":"INTERNATIONAL","model":"GENESIS RE"},{"id":567,"year":2001,"make":"ISUZU","model":"FRR"},{"id":568,"year":2001,"make":"ISUZU","model":"FSR"},{"id":569,"year":2001,"make":"ISUZU","model":"FTR"},{"id":570,"year":2001,"make":"ISUZU","model":"FVR"},{"id":571,"year":2001,"make":"ISUZU","model":"NPR"},{"id":572,"year":2001,"make":"ISUZU","model":"NPR-HD"},{"id":573,"year":2001,"make":"ISUZU","model":"NQR"},{"id":574,"year":2001,"make":"ISUZU","model":"RODEO"},{"id":575,"year":2001,"make":"ISUZU","model":"RODEO SPORT"},{"id":576,"year":2001,"make":"ISUZU","model":"TROOPER"},{"id":577,"year":2001,"make":"ISUZU","model":"VEHICROSS"},{"id":578,"year":2001,"make":"JAGUAR","model":"S-TYPE"},{"id":579,"year":2001,"make":"JAGUAR","model":"VANDEN PLAS"},{"id":580,"year":2001,"make":"JAGUAR","model":"X-TYPE"},{"id":581,"year":2001,"make":"JAGUAR","model":"XJ8"},{"id":582,"year":2001,"make":"JAGUAR","model":"XJR"},{"id":583,"year":2001,"make":"JAGUAR","model":"XK8"},{"id":584,"year":2001,"make":"JAGUAR","model":"XKR"},{"id":585,"year":2001,"make":"JEEP","model":"CHEROKEE"},{"id":586,"year":2001,"make":"JEEP","model":"GRAND CHEROKEE"},{"id":587,"year":2001,"make":"JEEP","model":"TJ"},{"id":588,"year":2001,"make":"JEEP","model":"WRANGLER"},{"id":589,"year":2001,"make":"KAWASAKI","model":"BN125 ELIMINATOR"},{"id":590,"year":2001,"make":"KAWASAKI","model":"EN500C VULCAN 500 LTD"},{"id":591,"year":2001,"make":"KAWASAKI","model":"EX250F NINJA 250R"},{"id":592,"year":2001,"make":"KAWASAKI","model":"EX500 NINJA 500R"},{"id":593,"year":2001,"make":"KAWASAKI","model":"JH1100 1100ZXI"},{"id":594,"year":2001,"make":"KAWASAKI","model":"JH1100 ULTRA 130"},{"id":595,"year":2001,"make":"KAWASAKI","model":"JH1200 ULTRA 150"},{"id":596,"year":2001,"make":"KAWASAKI","model":"JS750 SXI PRO"},{"id":597,"year":2001,"make":"KAWASAKI","model":"JT1100 1100STX D.I."},{"id":598,"year":2001,"make":"KAWASAKI","model":"JT900 900STS"},{"id":599,"year":2001,"make":"KAWASAKI","model":"JT900 900STX"},{"id":600,"year":2001,"make":"KAWASAKI","model":"KAF300 MULE 520"},{"id":601,"year":2001,"make":"KAWASAKI","model":"KAF300 MULE 550"},{"id":602,"year":2001,"make":"KAWASAKI","model":"KAF620 MULE 3000"},{"id":603,"year":2001,"make":"KAWASAKI","model":"KAF620 MULE 3010 4X4"},{"id":604,"year":2001,"make":"KAWASAKI","model":"KAF620 MULE 3020"},{"id":605,"year":2001,"make":"KAWASAKI","model":"KAF950 MULE 2510 DIESEL"},{"id":606,"year":2001,"make":"KAWASAKI","model":"KDX200"},{"id":607,"year":2001,"make":"KAWASAKI","model":"KDX220R"},{"id":608,"year":2001,"make":"KAWASAKI","model":"KE100"},{"id":609,"year":2001,"make":"KAWASAKI","model":"KEF300 LAKOTA SPORT"},{"id":610,"year":2001,"make":"KAWASAKI","model":"KL250 SUPER SHERPA"},{"id":611,"year":2001,"make":"KAWASAKI","model":"KLF220 BAYOU"},{"id":612,"year":2001,"make":"KAWASAKI","model":"KLF300 BAYOU 2X4"},{"id":613,"year":2001,"make":"KAWASAKI","model":"KLF300 BAYOU 4X4"},{"id":614,"year":2001,"make":"KAWASAKI","model":"KLR250"},{"id":615,"year":2001,"make":"KAWASAKI","model":"KLR650"},{"id":616,"year":2001,"make":"KAWASAKI","model":"KLX300R"},{"id":617,"year":2001,"make":"KAWASAKI","model":"KSF250 MOJAVE"},{"id":618,"year":2001,"make":"KAWASAKI","model":"KVF300 PRAIRIE 2X4"},{"id":619,"year":2001,"make":"KAWASAKI","model":"KVF300 PRAIRIE 4X4"},{"id":620,"year":2001,"make":"KAWASAKI","model":"KVF400 PRAIRIE 2X4"},{"id":621,"year":2001,"make":"KAWASAKI","model":"KVF400 PRAIRIE 4X4"},{"id":622,"year":2001,"make":"KAWASAKI","model":"KX100"},{"id":623,"year":2001,"make":"KAWASAKI","model":"KX125"},{"id":624,"year":2001,"make":"KAWASAKI","model":"KX250"},{"id":625,"year":2001,"make":"KAWASAKI","model":"KX500"},{"id":626,"year":2001,"make":"KAWASAKI","model":"KX60"},{"id":627,"year":2001,"make":"KAWASAKI","model":"KX65"},{"id":628,"year":2001,"make":"KAWASAKI","model":"KX85"},{"id":629,"year":2001,"make":"KAWASAKI","model":"KZ1000C/P POLICE"},{"id":630,"year":2001,"make":"KAWASAKI","model":"VN1500E VULCAN 1500 CLASSIC"},{"id":631,"year":2001,"make":"KAWASAKI","model":"VN1500G VULCAN 1500 NOMAD"},{"id":632,"year":2001,"make":"KAWASAKI","model":"VN1500J/R VULCAN 1500 DRIFTER"},{"id":633,"year":2001,"make":"KAWASAKI","model":"VN1500L VULCAN NOMAD FI"},{"id":634,"year":2001,"make":"KAWASAKI","model":"VN1500N VULCAN 1500 CLASSIC FI"},{"id":635,"year":2001,"make":"KAWASAKI","model":"VN750A VULCAN 750"},{"id":636,"year":2001,"make":"KAWASAKI","model":"VN800A VULCAN 800"},{"id":637,"year":2001,"make":"KAWASAKI","model":"VN800B VULCAN 800 CLASSIC"},{"id":638,"year":2001,"make":"KAWASAKI","model":"VN800E VULCAN 800 DRIFTER"},{"id":639,"year":2001,"make":"KAWASAKI","model":"W650"},{"id":640,"year":2001,"make":"KAWASAKI","model":"ZG1000 CONCOURS"},{"id":641,"year":2001,"make":"KAWASAKI","model":"ZG1200 VOYAGER XII"},{"id":642,"year":2001,"make":"KAWASAKI","model":"ZR-7S"},{"id":643,"year":2001,"make":"KAWASAKI","model":"ZRX1200"},{"id":644,"year":2001,"make":"KAWASAKI","model":"ZX1100 NINJA ZX-11"},{"id":645,"year":2001,"make":"KAWASAKI","model":"ZX1200 NINJA ZX-12R"},{"id":646,"year":2001,"make":"KAWASAKI","model":"ZX600 NINJA ZX-6"},{"id":647,"year":2001,"make":"KAWASAKI","model":"ZX600 NINJA ZX-6R"},{"id":648,"year":2001,"make":"KAWASAKI","model":"ZX750 NINJA ZX-7R"},{"id":649,"year":2001,"make":"KAWASAKI","model":"ZX900 NINJA ZX-9R"},{"id":650,"year":2001,"make":"KENWORTH","model":"C500"},{"id":651,"year":2001,"make":"KENWORTH","model":"K100E"},{"id":652,"year":2001,"make":"KENWORTH","model":"K300"},{"id":653,"year":2001,"make":"KENWORTH","model":"T2000"},{"id":654,"year":2001,"make":"KENWORTH","model":"T300"},{"id":655,"year":2001,"make":"KENWORTH","model":"T600A"},{"id":656,"year":2001,"make":"KENWORTH","model":"T800"},{"id":657,"year":2001,"make":"KENWORTH","model":"W900"},{"id":658,"year":2001,"make":"KIA","model":"MAGENTIS"},{"id":659,"year":2001,"make":"KIA","model":"OPTIMA"},{"id":660,"year":2001,"make":"KIA","model":"RIO"},{"id":661,"year":2001,"make":"KIA","model":"SEPHIA"},{"id":662,"year":2001,"make":"KIA","model":"SPECTRA"},{"id":663,"year":2001,"make":"KIA","model":"SPORTAGE"},{"id":664,"year":2001,"make":"KTM","model":"125 EXC"},{"id":665,"year":2001,"make":"KTM","model":"125 SX"},{"id":666,"year":2001,"make":"KTM","model":"125 SXS"},{"id":667,"year":2001,"make":"KTM","model":"200 EXC"},{"id":668,"year":2001,"make":"KTM","model":"200 MXC"},{"id":669,"year":2001,"make":"KTM","model":"250 EXC"},{"id":670,"year":2001,"make":"KTM","model":"250 MXC"},{"id":671,"year":2001,"make":"KTM","model":"250 SX"},{"id":672,"year":2001,"make":"KTM","model":"250 SXS"},{"id":673,"year":2001,"make":"KTM","model":"300 EXC"},{"id":674,"year":2001,"make":"KTM","model":"300 MXC"},{"id":675,"year":2001,"make":"KTM","model":"380 EXC"},{"id":676,"year":2001,"make":"KTM","model":"380 MXC"},{"id":677,"year":2001,"make":"KTM","model":"380 SX"},{"id":678,"year":2001,"make":"KTM","model":"400 EXC"},{"id":679,"year":2001,"make":"KTM","model":"400 LC4"},{"id":680,"year":2001,"make":"KTM","model":"400 MXC"},{"id":681,"year":2001,"make":"KTM","model":"400 SX"},{"id":682,"year":2001,"make":"KTM","model":"50 JR ADVENTURE"},{"id":683,"year":2001,"make":"KTM","model":"50 MINI ADVENTURE"},{"id":684,"year":2001,"make":"KTM","model":"50 SX PRO SR LC"},{"id":685,"year":2001,"make":"KTM","model":"520 EXC"},{"id":686,"year":2001,"make":"KTM","model":"520 MXC"},{"id":687,"year":2001,"make":"KTM","model":"520 SX"},{"id":688,"year":2001,"make":"KTM","model":"640 ADVENTURE"},{"id":689,"year":2001,"make":"KTM","model":"640 DUKE II"},{"id":690,"year":2001,"make":"KTM","model":"640 SUPERMOTO"},{"id":691,"year":2001,"make":"KTM","model":"660 RALLY"},{"id":692,"year":2001,"make":"KYMCO","model":"COBRA 50"},{"id":693,"year":2001,"make":"KYMCO","model":"PEOPLE 50"},{"id":694,"year":2001,"make":"KYMCO","model":"ZX 50"},{"id":695,"year":2001,"make":"LAFORZA","model":"LAFORZA"},{"id":696,"year":2001,"make":"LAMBORGHINI","model":"DIABLO"},{"id":697,"year":2001,"make":"LAMBORGHINI","model":"MURCIELAGO"},{"id":698,"year":2001,"make":"LAND ROVER","model":"DISCOVERY"},{"id":699,"year":2001,"make":"LAND ROVER","model":"FREELANDER"},{"id":700,"year":2001,"make":"LAND ROVER","model":"RANGE ROVER"},{"id":701,"year":2001,"make":"LEXUS","model":"ES300"},{"id":702,"year":2001,"make":"LEXUS","model":"GS300"},{"id":703,"year":2001,"make":"LEXUS","model":"GS430"},{"id":704,"year":2001,"make":"LEXUS","model":"IS300"},{"id":705,"year":2001,"make":"LEXUS","model":"LS430"},{"id":706,"year":2001,"make":"LEXUS","model":"LX470"},{"id":707,"year":2001,"make":"LEXUS","model":"RX300"},{"id":708,"year":2001,"make":"LINCOLN","model":"CONTINENTAL"},{"id":709,"year":2001,"make":"LINCOLN","model":"LS"},{"id":710,"year":2001,"make":"LINCOLN","model":"NAVIGATOR"},{"id":711,"year":2001,"make":"LINCOLN","model":"TOWN CAR"},{"id":712,"year":2001,"make":"LOTUS","model":"ESPRIT"},{"id":713,"year":2001,"make":"MACK","model":"CH"},{"id":714,"year":2001,"make":"MACK","model":"CL"},{"id":715,"year":2001,"make":"MACK","model":"CS200P MID-LINER"},{"id":716,"year":2001,"make":"MACK","model":"CS300P MID-LINER"},{"id":717,"year":2001,"make":"MACK","model":"CV"},{"id":718,"year":2001,"make":"MACK","model":"DM"},{"id":719,"year":2001,"make":"MACK","model":"DMM"},{"id":720,"year":2001,"make":"MACK","model":"LE"},{"id":721,"year":2001,"make":"MACK","model":"MR"},{"id":722,"year":2001,"make":"MACK","model":"MS200P MID-LINER"},{"id":723,"year":2001,"make":"MACK","model":"MS250P MID-LINER"},{"id":724,"year":2001,"make":"MACK","model":"MS300P MID-LINER"},{"id":725,"year":2001,"make":"MACK","model":"RB"},{"id":726,"year":2001,"make":"MACK","model":"RD"},{"id":727,"year":2001,"make":"MAZDA","model":"626"},{"id":728,"year":2001,"make":"MAZDA","model":"B2300"},{"id":729,"year":2001,"make":"MAZDA","model":"B2500"},{"id":730,"year":2001,"make":"MAZDA","model":"B3000"},{"id":731,"year":2001,"make":"MAZDA","model":"B4000"},{"id":732,"year":2001,"make":"MAZDA","model":"MIATA"},{"id":733,"year":2001,"make":"MAZDA","model":"MILLENIA"},{"id":734,"year":2001,"make":"MAZDA","model":"MPV"},{"id":735,"year":2001,"make":"MAZDA","model":"PROTEGE"},{"id":736,"year":2001,"make":"MAZDA","model":"TRIBUTE"},{"id":737,"year":2001,"make":"MERCEDES-BENZ","model":"C240"},{"id":738,"year":2001,"make":"MERCEDES-BENZ","model":"C320"},{"id":739,"year":2001,"make":"MERCEDES-BENZ","model":"CL500"},{"id":740,"year":2001,"make":"MERCEDES-BENZ","model":"CL55 AMG"},{"id":741,"year":2001,"make":"MERCEDES-BENZ","model":"CL600"},{"id":742,"year":2001,"make":"MERCEDES-BENZ","model":"CLK320"},{"id":743,"year":2001,"make":"MERCEDES-BENZ","model":"CLK430"},{"id":744,"year":2001,"make":"MERCEDES-BENZ","model":"CLK55 AMG"},{"id":745,"year":2001,"make":"MERCEDES-BENZ","model":"E320"},{"id":746,"year":2001,"make":"MERCEDES-BENZ","model":"E430"},{"id":747,"year":2001,"make":"MERCEDES-BENZ","model":"E55 AMG"},{"id":748,"year":2001,"make":"MERCEDES-BENZ","model":"ML320"},{"id":749,"year":2001,"make":"MERCEDES-BENZ","model":"ML430"},{"id":750,"year":2001,"make":"MERCEDES-BENZ","model":"ML55 AMG"},{"id":751,"year":2001,"make":"MERCEDES-BENZ","model":"S430"},{"id":752,"year":2001,"make":"MERCEDES-BENZ","model":"S500"},{"id":753,"year":2001,"make":"MERCEDES-BENZ","model":"S55 AMG"},{"id":754,"year":2001,"make":"MERCEDES-BENZ","model":"S600"},{"id":755,"year":2001,"make":"MERCEDES-BENZ","model":"SL500"},{"id":756,"year":2001,"make":"MERCEDES-BENZ","model":"SL600"},{"id":757,"year":2001,"make":"MERCEDES-BENZ","model":"SLK230"},{"id":758,"year":2001,"make":"MERCEDES-BENZ","model":"SLK320"},{"id":759,"year":2001,"make":"MERCURY","model":"COUGAR"},{"id":760,"year":2001,"make":"MERCURY","model":"GRAND MARQUIS"},{"id":761,"year":2001,"make":"MERCURY","model":"MOUNTAINEER"},{"id":762,"year":2001,"make":"MERCURY","model":"SABLE"},{"id":763,"year":2001,"make":"MERCURY","model":"VILLAGER"},{"id":764,"year":2001,"make":"MITSUBISHI","model":"DIAMANTE"},{"id":765,"year":2001,"make":"MITSUBISHI","model":"ECLIPSE"},{"id":766,"year":2001,"make":"MITSUBISHI","model":"GALANT"},{"id":767,"year":2001,"make":"MITSUBISHI","model":"MIRAGE"},{"id":768,"year":2001,"make":"MITSUBISHI","model":"MONTERO"},{"id":769,"year":2001,"make":"MITSUBISHI","model":"MONTERO SPORT"},{"id":770,"year":2001,"make":"MITSUBISHI FUSO","model":"FE"},{"id":771,"year":2001,"make":"MITSUBISHI FUSO","model":"FE-CA"},{"id":772,"year":2001,"make":"MITSUBISHI FUSO","model":"FE-HD"},{"id":773,"year":2001,"make":"MITSUBISHI FUSO","model":"FE-SP"},{"id":774,"year":2001,"make":"MITSUBISHI FUSO","model":"FG"},{"id":775,"year":2001,"make":"MITSUBISHI FUSO","model":"FH"},{"id":776,"year":2001,"make":"MITSUBISHI FUSO","model":"FK"},{"id":777,"year":2001,"make":"MITSUBISHI FUSO","model":"FM-HR"},{"id":778,"year":2001,"make":"MITSUBISHI FUSO","model":"FM-MR"},{"id":779,"year":2001,"make":"MITSUBISHI FUSO","model":"FM-SP"},{"id":780,"year":2001,"make":"MITSUBISHI FUSO","model":"FM-SR"},{"id":781,"year":2001,"make":"MOTO GUZZI","model":"CALIFORNIA EV"},{"id":782,"year":2001,"make":"MOTO GUZZI","model":"CALIFORNIA JACKEL"},{"id":783,"year":2001,"make":"MOTO GUZZI","model":"CALIFORNIA SPECIAL"},{"id":784,"year":2001,"make":"MOTO GUZZI","model":"V11 SPORT"},{"id":785,"year":2001,"make":"MOTO GUZZI","model":"V11 SPORT ROSSO MANDELLO"},{"id":786,"year":2001,"make":"MOTOR COACH INDUSTRIES","model":"102D3"},{"id":787,"year":2001,"make":"MOTOR COACH INDUSTRIES","model":"102DL3"},{"id":788,"year":2001,"make":"MOTOR COACH INDUSTRIES","model":"102EL3"},{"id":789,"year":2001,"make":"MOTOR COACH INDUSTRIES","model":"J4500"},{"id":790,"year":2001,"make":"MV AGUSTA","model":"F4-S"},{"id":791,"year":2001,"make":"MV AGUSTA","model":"F4-S 1+1"},{"id":792,"year":2001,"make":"NEW FLYER","model":"C30LF"},{"id":793,"year":2001,"make":"NEW FLYER","model":"C40LF"},{"id":794,"year":2001,"make":"NEW FLYER","model":"D30LF"},{"id":795,"year":2001,"make":"NEW FLYER","model":"D40LF"},{"id":796,"year":2001,"make":"NEW FLYER","model":"D60LF"},{"id":797,"year":2001,"make":"NISSAN","model":"ALMERA"},{"id":798,"year":2001,"make":"NISSAN","model":"ALTIMA"},{"id":799,"year":2001,"make":"NISSAN","model":"ALTRA EV"},{"id":800,"year":2001,"make":"NISSAN","model":"FRONTIER"},{"id":801,"year":2001,"make":"NISSAN","model":"MAXIMA"},{"id":802,"year":2001,"make":"NISSAN","model":"PATHFINDER"},{"id":803,"year":2001,"make":"NISSAN","model":"PICKUP"},{"id":804,"year":2001,"make":"NISSAN","model":"QUEST"},{"id":805,"year":2001,"make":"NISSAN","model":"SENTRA"},{"id":806,"year":2001,"make":"NISSAN","model":"TSUBAME"},{"id":807,"year":2001,"make":"NISSAN","model":"TSURU"},{"id":808,"year":2001,"make":"NISSAN","model":"URVAN"},{"id":809,"year":2001,"make":"NISSAN","model":"XTERRA"},{"id":810,"year":2001,"make":"NOVA BUS CORPORATION","model":"RTS"},{"id":811,"year":2001,"make":"OLDSMOBILE","model":"ALERO"},{"id":812,"year":2001,"make":"OLDSMOBILE","model":"AURORA"},{"id":813,"year":2001,"make":"OLDSMOBILE","model":"BRAVADA"},{"id":814,"year":2001,"make":"OLDSMOBILE","model":"INTRIGUE"},{"id":815,"year":2001,"make":"OLDSMOBILE","model":"SILHOUETTE"},{"id":816,"year":2001,"make":"ORION BUS","model":"ORION II"},{"id":817,"year":2001,"make":"ORION BUS","model":"ORION V"},{"id":818,"year":2001,"make":"ORION BUS","model":"ORION VI"},{"id":819,"year":2001,"make":"OSHKOSH MOTOR TRUCK CO.","model":"H"},{"id":820,"year":2001,"make":"OSHKOSH MOTOR TRUCK CO.","model":"P"},{"id":821,"year":2001,"make":"OTTAWA","model":"YT30"},{"id":822,"year":2001,"make":"OTTAWA","model":"YT50"},{"id":823,"year":2001,"make":"OTTAWA","model":"YT60T"},{"id":824,"year":2001,"make":"PANOZ","model":"ESPERANTE"},{"id":825,"year":2001,"make":"PETERBILT","model":"270"},{"id":826,"year":2001,"make":"PETERBILT","model":"320"},{"id":827,"year":2001,"make":"PETERBILT","model":"330"},{"id":828,"year":2001,"make":"PETERBILT","model":"357"},{"id":829,"year":2001,"make":"PETERBILT","model":"362"},{"id":830,"year":2001,"make":"PETERBILT","model":"377"},{"id":831,"year":2001,"make":"PETERBILT","model":"378"},{"id":832,"year":2001,"make":"PETERBILT","model":"379"},{"id":833,"year":2001,"make":"PETERBILT","model":"385"},{"id":834,"year":2001,"make":"PETERBILT","model":"387"},{"id":835,"year":2001,"make":"PEUGEOT","model":"206"},{"id":836,"year":2001,"make":"PEUGEOT","model":"306"},{"id":837,"year":2001,"make":"PEUGEOT","model":"406"},{"id":838,"year":2001,"make":"PLYMOUTH","model":"NEON"},{"id":839,"year":2001,"make":"PLYMOUTH","model":"PROWLER"},{"id":840,"year":2001,"make":"POLARIS","model":"120 XC SP"},{"id":841,"year":2001,"make":"POLARIS","model":"340 DELUXE"},{"id":842,"year":2001,"make":"POLARIS","model":"340 TOURING"},{"id":843,"year":2001,"make":"POLARIS","model":"440 PRO X"},{"id":844,"year":2001,"make":"POLARIS","model":"500"},{"id":845,"year":2001,"make":"POLARIS","model":"500 CLASSIC"},{"id":846,"year":2001,"make":"POLARIS","model":"500 CLASSIC TOURING"},{"id":847,"year":2001,"make":"POLARIS","model":"500 RMK"},{"id":848,"year":2001,"make":"POLARIS","model":"500 XC"},{"id":849,"year":2001,"make":"POLARIS","model":"500 XC SP"},{"id":850,"year":2001,"make":"POLARIS","model":"600 CLASSIC"},{"id":851,"year":2001,"make":"POLARIS","model":"600 CLASSIC TOURING"},{"id":852,"year":2001,"make":"POLARIS","model":"600 PRO X"},{"id":853,"year":2001,"make":"POLARIS","model":"600 RMK"},{"id":854,"year":2001,"make":"POLARIS","model":"600 XC SP"},{"id":855,"year":2001,"make":"POLARIS","model":"700 CLASSIC"},{"id":856,"year":2001,"make":"POLARIS","model":"700 RMK"},{"id":857,"year":2001,"make":"POLARIS","model":"700 SKS"},{"id":858,"year":2001,"make":"POLARIS","model":"700 XC SP"},{"id":859,"year":2001,"make":"POLARIS","model":"800 LE"},{"id":860,"year":2001,"make":"POLARIS","model":"800 RMK"},{"id":861,"year":2001,"make":"POLARIS","model":"800 RMK SP 144"},{"id":862,"year":2001,"make":"POLARIS","model":"800 RMK SP 151"},{"id":863,"year":2001,"make":"POLARIS","model":"800 XC SP"},{"id":864,"year":2001,"make":"POLARIS","model":"800 XCR"},{"id":865,"year":2001,"make":"POLARIS","model":"DIESEL (455CC)"},{"id":866,"year":2001,"make":"POLARIS","model":"GENESIS"},{"id":867,"year":2001,"make":"POLARIS","model":"MAGNUM 325 2X4"},{"id":868,"year":2001,"make":"POLARIS","model":"MAGNUM 325 4X4"},{"id":869,"year":2001,"make":"POLARIS","model":"MAGNUM 500 4X4"},{"id":870,"year":2001,"make":"POLARIS","model":"PRO 1200"},{"id":871,"year":2001,"make":"POLARIS","model":"RANGER 2X4 425"},{"id":872,"year":2001,"make":"POLARIS","model":"RANGER 4X4 500"},{"id":873,"year":2001,"make":"POLARIS","model":"RANGER 6X6 500"},{"id":874,"year":2001,"make":"POLARIS","model":"SCRAMBLER 400 2X4"},{"id":875,"year":2001,"make":"POLARIS","model":"SCRAMBLER 400 4X4"},{"id":876,"year":2001,"make":"POLARIS","model":"SCRAMBLER 50"},{"id":877,"year":2001,"make":"POLARIS","model":"SCRAMBLER 500 2X4"},{"id":878,"year":2001,"make":"POLARIS","model":"SCRAMBLER 500 4X4"},{"id":879,"year":2001,"make":"POLARIS","model":"SCRAMBLER 90"},{"id":880,"year":2001,"make":"POLARIS","model":"SLH"},{"id":881,"year":2001,"make":"POLARIS","model":"SLX"},{"id":882,"year":2001,"make":"POLARIS","model":"SPORT TOURING"},{"id":883,"year":2001,"make":"POLARIS","model":"SPORT TOURING ES"},{"id":884,"year":2001,"make":"POLARIS","model":"SPORTSMAN 400"},{"id":885,"year":2001,"make":"POLARIS","model":"SPORTSMAN 500 6X6"},{"id":886,"year":2001,"make":"POLARIS","model":"SPORTSMAN 500 HO"},{"id":887,"year":2001,"make":"POLARIS","model":"SPORTSMAN 500 HO RSE"},{"id":888,"year":2001,"make":"POLARIS","model":"SPORTSMAN 90"},{"id":889,"year":2001,"make":"POLARIS","model":"SUPER SPORT"},{"id":890,"year":2001,"make":"POLARIS","model":"TRAIL BLAZER 250"},{"id":891,"year":2001,"make":"POLARIS","model":"TRAIL BOSS 325"},{"id":892,"year":2001,"make":"POLARIS","model":"TRAIL RMK"},{"id":893,"year":2001,"make":"POLARIS","model":"VIRAGE"},{"id":894,"year":2001,"make":"POLARIS","model":"VIRAGE TX"},{"id":895,"year":2001,"make":"POLARIS","model":"VIRAGE TXI"},{"id":896,"year":2001,"make":"POLARIS","model":"WIDE TRAK LX"},{"id":897,"year":2001,"make":"POLARIS","model":"WORKER 500"},{"id":898,"year":2001,"make":"POLARIS","model":"XCF SP"},{"id":899,"year":2001,"make":"POLARIS","model":"XPEDITION 325"},{"id":900,"year":2001,"make":"POLARIS","model":"XPEDITION 425"},{"id":901,"year":2001,"make":"POLARIS","model":"XPLORER 250 4X4"},{"id":902,"year":2001,"make":"POLARIS","model":"XPLORER 300 4X4"},{"id":903,"year":2001,"make":"POLARIS","model":"XPLORER 400 4X4"},{"id":904,"year":2001,"make":"PONTIAC","model":"AZTEK"},{"id":905,"year":2001,"make":"PONTIAC","model":"BONNEVILLE"},{"id":906,"year":2001,"make":"PONTIAC","model":"FIREBIRD"},{"id":907,"year":2001,"make":"PONTIAC","model":"GRAND AM"},{"id":908,"year":2001,"make":"PONTIAC","model":"GRAND PRIX"},{"id":909,"year":2001,"make":"PONTIAC","model":"MONTANA"},{"id":910,"year":2001,"make":"PONTIAC","model":"SUNFIRE"},{"id":911,"year":2001,"make":"PORSCHE","model":"911"},{"id":912,"year":2001,"make":"PORSCHE","model":"BOXSTER"},{"id":913,"year":2001,"make":"QVALE","model":"MANGUSTA"},{"id":914,"year":2001,"make":"RENAULT","model":"MEGANE"},{"id":915,"year":2001,"make":"RENAULT","model":"SCENIC"},{"id":916,"year":2001,"make":"ROLLS ROYCE","model":"CORNICHE"},{"id":917,"year":2001,"make":"ROLLS ROYCE","model":"SILVER SERAPH"},{"id":918,"year":2001,"make":"SAAB","model":"9-3"},{"id":919,"year":2001,"make":"SAAB","model":"9-5"},{"id":920,"year":2001,"make":"SATURN","model":"L100"},{"id":921,"year":2001,"make":"SATURN","model":"L200"},{"id":922,"year":2001,"make":"SATURN","model":"L300"},{"id":923,"year":2001,"make":"SATURN","model":"LS SERIES"},{"id":924,"year":2001,"make":"SATURN","model":"LW SERIES"},{"id":925,"year":2001,"make":"SATURN","model":"LW200"},{"id":926,"year":2001,"make":"SATURN","model":"LW300"},{"id":927,"year":2001,"make":"SATURN","model":"SC SERIES"},{"id":928,"year":2001,"make":"SATURN","model":"SC1"},{"id":929,"year":2001,"make":"SATURN","model":"SC2"},{"id":930,"year":2001,"make":"SATURN","model":"SL"},{"id":931,"year":2001,"make":"SATURN","model":"SL SERIES"},{"id":932,"year":2001,"make":"SATURN","model":"SL1"},{"id":933,"year":2001,"make":"SATURN","model":"SL2"},{"id":934,"year":2001,"make":"SATURN","model":"SW SERIES"},{"id":935,"year":2001,"make":"SATURN","model":"SW2"},{"id":936,"year":2001,"make":"SEA-DOO","model":"GS"},{"id":937,"year":2001,"make":"SEA-DOO","model":"GTI"},{"id":938,"year":2001,"make":"SEA-DOO","model":"GTS"},{"id":939,"year":2001,"make":"SEA-DOO","model":"GTX"},{"id":940,"year":2001,"make":"SEA-DOO","model":"GTX DI"},{"id":941,"year":2001,"make":"SEA-DOO","model":"GTX RFI"},{"id":942,"year":2001,"make":"SEA-DOO","model":"RX"},{"id":943,"year":2001,"make":"SEA-DOO","model":"RX DI"},{"id":944,"year":2001,"make":"SEA-DOO","model":"RX X"},{"id":945,"year":2001,"make":"SEA-DOO","model":"XP"},{"id":946,"year":2001,"make":"SEAT","model":"LEON"},{"id":947,"year":2001,"make":"SKI-DOO","model":"FORMULA DELUXE 380 FAN"},{"id":948,"year":2001,"make":"SKI-DOO","model":"FORMULA DELUXE 500"},{"id":949,"year":2001,"make":"SKI-DOO","model":"FORMULA DELUXE 500 FAN"},{"id":950,"year":2001,"make":"SKI-DOO","model":"FORMULA DELUXE 600"},{"id":951,"year":2001,"make":"SKI-DOO","model":"FORMULA DELUXE 600 GSE"},{"id":952,"year":2001,"make":"SKI-DOO","model":"FORMULA DELUXE 700 GS"},{"id":953,"year":2001,"make":"SKI-DOO","model":"FORMULA DELUXE 700 GSE"},{"id":954,"year":2001,"make":"SKI-DOO","model":"GRAND TOURING 500"},{"id":955,"year":2001,"make":"SKI-DOO","model":"GRAND TOURING 600"},{"id":956,"year":2001,"make":"SKI-DOO","model":"GRAND TOURING 700 GS"},{"id":957,"year":2001,"make":"SKI-DOO","model":"GRAND TOURING 800 SE"},{"id":958,"year":2001,"make":"SKI-DOO","model":"MACH Z"},{"id":959,"year":2001,"make":"SKI-DOO","model":"MACH Z TECH PLUS"},{"id":960,"year":2001,"make":"SKI-DOO","model":"MINI Z"},{"id":961,"year":2001,"make":"SKI-DOO","model":"MX Z 380 FAN"},{"id":962,"year":2001,"make":"SKI-DOO","model":"MX Z 440 FAN"},{"id":963,"year":2001,"make":"SKI-DOO","model":"MX Z 440 X"},{"id":964,"year":2001,"make":"SKI-DOO","model":"MX Z 500"},{"id":965,"year":2001,"make":"SKI-DOO","model":"MX Z 500 FAN"},{"id":966,"year":2001,"make":"SKI-DOO","model":"MX Z 500 TRAIL"},{"id":967,"year":2001,"make":"SKI-DOO","model":"MX Z 600"},{"id":968,"year":2001,"make":"SKI-DOO","model":"MX Z 600 ADRENALINE"},{"id":969,"year":2001,"make":"SKI-DOO","model":"MX Z 600 TRAIL"},{"id":970,"year":2001,"make":"SKI-DOO","model":"MX Z 600 X"},{"id":971,"year":2001,"make":"SKI-DOO","model":"MX Z 700"},{"id":972,"year":2001,"make":"SKI-DOO","model":"MX Z 700 ADRENALINE"},{"id":973,"year":2001,"make":"SKI-DOO","model":"MX Z 700 TRAIL"},{"id":974,"year":2001,"make":"SKI-DOO","model":"MX Z 700 X"},{"id":975,"year":2001,"make":"SKI-DOO","model":"MX Z 800"},{"id":976,"year":2001,"make":"SKI-DOO","model":"MX Z 800 ADRENALINE"},{"id":977,"year":2001,"make":"SKI-DOO","model":"MX Z 800 X"},{"id":978,"year":2001,"make":"SKI-DOO","model":"SKANDIC 440 LT"},{"id":979,"year":2001,"make":"SKI-DOO","model":"SKANDIC 500 SWT"},{"id":980,"year":2001,"make":"SKI-DOO","model":"SKANDIC 500 WT"},{"id":981,"year":2001,"make":"SKI-DOO","model":"SKANDIC WT LC"},{"id":982,"year":2001,"make":"SKI-DOO","model":"SUMMIT 500 FAN"},{"id":983,"year":2001,"make":"SKI-DOO","model":"SUMMIT 600"},{"id":984,"year":2001,"make":"SKI-DOO","model":"SUMMIT 700"},{"id":985,"year":2001,"make":"SKI-DOO","model":"SUMMIT 700 HIGHMARK"},{"id":986,"year":2001,"make":"SKI-DOO","model":"SUMMIT 700 X"},{"id":987,"year":2001,"make":"SKI-DOO","model":"SUMMIT 800"},{"id":988,"year":2001,"make":"SKI-DOO","model":"SUMMIT 800 FOOTHILL"},{"id":989,"year":2001,"make":"SKI-DOO","model":"SUMMIT 800 HIGHMARK"},{"id":990,"year":2001,"make":"SKI-DOO","model":"SUMMIT 800 HIGHMARK X"},{"id":991,"year":2001,"make":"SKI-DOO","model":"SUMMIT 800 X"},{"id":992,"year":2001,"make":"SKI-DOO","model":"TOURING 380 FAN"},{"id":993,"year":2001,"make":"SKI-DOO","model":"TOURING 500 FAN"},{"id":994,"year":2001,"make":"STERLING","model":"ACTERRA 5500"},{"id":995,"year":2001,"make":"STERLING","model":"ACTERRA 6500"},{"id":996,"year":2001,"make":"STERLING","model":"ACTERRA 7500"},{"id":997,"year":2001,"make":"STERLING","model":"L7500"},{"id":998,"year":2001,"make":"STERLING","model":"SC7000 CARGO"},{"id":999,"year":2001,"make":"STERLING TRUCK","model":"A9500"},{"id":1000,"year":2001,"make":"STERLING TRUCK","model":"A9513"},{"id":1001,"year":2001,"make":"STERLING TRUCK","model":"AT9500"},{"id":1002,"year":2001,"make":"STERLING TRUCK","model":"AT9513"},{"id":1003,"year":2001,"make":"STERLING TRUCK","model":"CONDOR"},{"id":1004,"year":2001,"make":"STERLING TRUCK","model":"L7501"},{"id":1005,"year":2001,"make":"STERLING TRUCK","model":"L8500"},{"id":1006,"year":2001,"make":"STERLING TRUCK","model":"L8513"},{"id":1007,"year":2001,"make":"STERLING TRUCK","model":"L9500"},{"id":1008,"year":2001,"make":"STERLING TRUCK","model":"L9511"},{"id":1009,"year":2001,"make":"STERLING TRUCK","model":"LT7500"},{"id":1010,"year":2001,"make":"STERLING TRUCK","model":"LT7501"},{"id":1011,"year":2001,"make":"STERLING TRUCK","model":"LT8500"},{"id":1012,"year":2001,"make":"STERLING TRUCK","model":"LT8511"},{"id":1013,"year":2001,"make":"STERLING TRUCK","model":"LT8513"},{"id":1014,"year":2001,"make":"STERLING TRUCK","model":"LT9500"},{"id":1015,"year":2001,"make":"STERLING TRUCK","model":"LT9501"},{"id":1016,"year":2001,"make":"STERLING TRUCK","model":"LT9511"},{"id":1017,"year":2001,"make":"STERLING TRUCK","model":"LT9513"},{"id":1018,"year":2001,"make":"STERLING TRUCK","model":"LT9522"},{"id":1019,"year":2001,"make":"SUBARU","model":"FORESTER"},{"id":1020,"year":2001,"make":"SUBARU","model":"IMPREZA"},{"id":1021,"year":2001,"make":"SUBARU","model":"LEGACY"},{"id":1022,"year":2001,"make":"SUBARU","model":"OUTBACK"},{"id":1023,"year":2001,"make":"SUZUKI","model":"DR-Z250"},{"id":1024,"year":2001,"make":"SUZUKI","model":"DR-Z400"},{"id":1025,"year":2001,"make":"SUZUKI","model":"DR-Z400E"},{"id":1026,"year":2001,"make":"SUZUKI","model":"DR-Z400S"},{"id":1027,"year":2001,"make":"SUZUKI","model":"DR200SE"},{"id":1028,"year":2001,"make":"SUZUKI","model":"DR650SE"},{"id":1029,"year":2001,"make":"SUZUKI","model":"ESTEEM"},{"id":1030,"year":2001,"make":"SUZUKI","model":"GRAND VITARA"},{"id":1031,"year":2001,"make":"SUZUKI","model":"GS500"},{"id":1032,"year":2001,"make":"SUZUKI","model":"GSF1200S BANDIT"},{"id":1033,"year":2001,"make":"SUZUKI","model":"GSF600S BANDIT"},{"id":1034,"year":2001,"make":"SUZUKI","model":"GSX-R1000"},{"id":1035,"year":2001,"make":"SUZUKI","model":"GSX-R600"},{"id":1036,"year":2001,"make":"SUZUKI","model":"GSX-R750"},{"id":1037,"year":2001,"make":"SUZUKI","model":"GSX1300R HAYABUSA"},{"id":1038,"year":2001,"make":"SUZUKI","model":"GSX600F KATANA"},{"id":1039,"year":2001,"make":"SUZUKI","model":"GSX750F KATANA"},{"id":1040,"year":2001,"make":"SUZUKI","model":"GZ250"},{"id":1041,"year":2001,"make":"SUZUKI","model":"JR50"},{"id":1042,"year":2001,"make":"SUZUKI","model":"JR80"},{"id":1043,"year":2001,"make":"SUZUKI","model":"LS650 SAVAGE"},{"id":1044,"year":2001,"make":"SUZUKI","model":"LT-A500F QUADMASTER"},{"id":1045,"year":2001,"make":"SUZUKI","model":"LT-F160 QUADRUNNER"},{"id":1046,"year":2001,"make":"SUZUKI","model":"LT-F250 QUADRUNNER"},{"id":1047,"year":2001,"make":"SUZUKI","model":"LT-F250F QUADRUNNER 4X4"},{"id":1048,"year":2001,"make":"SUZUKI","model":"LT-F300F KINGQUAD 4X4"},{"id":1049,"year":2001,"make":"SUZUKI","model":"LT-F500F QUADRUNNER 4X4"},{"id":1050,"year":2001,"make":"SUZUKI","model":"LT80 QUADSPORT"},{"id":1051,"year":2001,"make":"SUZUKI","model":"RM125"},{"id":1052,"year":2001,"make":"SUZUKI","model":"RM250"},{"id":1053,"year":2001,"make":"SUZUKI","model":"RM80"},{"id":1054,"year":2001,"make":"SUZUKI","model":"SV650"},{"id":1055,"year":2001,"make":"SUZUKI","model":"SWIFT"},{"id":1056,"year":2001,"make":"SUZUKI","model":"TL1000R"},{"id":1057,"year":2001,"make":"SUZUKI","model":"TL1000S"},{"id":1058,"year":2001,"make":"SUZUKI","model":"VITARA"},{"id":1059,"year":2001,"make":"SUZUKI","model":"VL1500 INTRUDER"},{"id":1060,"year":2001,"make":"SUZUKI","model":"VL800 INTRUDER VOLUSIA"},{"id":1061,"year":2001,"make":"SUZUKI","model":"VS1400GL INTRUDER"},{"id":1062,"year":2001,"make":"SUZUKI","model":"VS800GL INTRUDER"},{"id":1063,"year":2001,"make":"SUZUKI","model":"VZ800 MARAUDER"},{"id":1064,"year":2001,"make":"TM","model":"MX100"},{"id":1065,"year":2001,"make":"TM","model":"MX250"},{"id":1066,"year":2001,"make":"TM","model":"MX85 (17/14)"},{"id":1067,"year":2001,"make":"TOYOTA","model":"4RUNNER"},{"id":1068,"year":2001,"make":"TOYOTA","model":"AVALON"},{"id":1069,"year":2001,"make":"TOYOTA","model":"CAMRY"},{"id":1070,"year":2001,"make":"TOYOTA","model":"CELICA"},{"id":1071,"year":2001,"make":"TOYOTA","model":"COROLLA"},{"id":1072,"year":2001,"make":"TOYOTA","model":"ECHO"},{"id":1073,"year":2001,"make":"TOYOTA","model":"HIGHLANDER"},{"id":1074,"year":2001,"make":"TOYOTA","model":"LAND CRUISER"},{"id":1075,"year":2001,"make":"TOYOTA","model":"MR2 SPYDER"},{"id":1076,"year":2001,"make":"TOYOTA","model":"PRIUS"},{"id":1077,"year":2001,"make":"TOYOTA","model":"RAV4"},{"id":1078,"year":2001,"make":"TOYOTA","model":"SEQUOIA"},{"id":1079,"year":2001,"make":"TOYOTA","model":"SIENNA"},{"id":1080,"year":2001,"make":"TOYOTA","model":"SOLARA"},{"id":1081,"year":2001,"make":"TOYOTA","model":"TACOMA"},{"id":1082,"year":2001,"make":"TOYOTA","model":"TUNDRA"},{"id":1083,"year":2001,"make":"TRIUMPH","model":"ADVENTURER"},{"id":1084,"year":2001,"make":"TRIUMPH","model":"BONNEVILLE"},{"id":1085,"year":2001,"make":"TRIUMPH","model":"DAYTONA 955I"},{"id":1086,"year":2001,"make":"TRIUMPH","model":"LEGEND TT"},{"id":1087,"year":2001,"make":"TRIUMPH","model":"SPEED TRIPLE"},{"id":1088,"year":2001,"make":"TRIUMPH","model":"SPRINT RS"},{"id":1089,"year":2001,"make":"TRIUMPH","model":"SPRINT ST"},{"id":1090,"year":2001,"make":"TRIUMPH","model":"THUNDERBIRD"},{"id":1091,"year":2001,"make":"TRIUMPH","model":"THUNDERBIRD SPORT"},{"id":1092,"year":2001,"make":"TRIUMPH","model":"TIGER"},{"id":1093,"year":2001,"make":"TRIUMPH","model":"TROPHY 1200"},{"id":1094,"year":2001,"make":"TRIUMPH","model":"TROPHY 900"},{"id":1095,"year":2001,"make":"TRIUMPH","model":"TT600"},{"id":1096,"year":2001,"make":"UD","model":"1200"},{"id":1097,"year":2001,"make":"UD","model":"1400"},{"id":1098,"year":2001,"make":"UD","model":"1800"},{"id":1099,"year":2001,"make":"UD","model":"1800CS"},{"id":1100,"year":2001,"make":"UD","model":"2000"},{"id":1101,"year":2001,"make":"UD","model":"2300"},{"id":1102,"year":2001,"make":"UD","model":"2600"},{"id":1103,"year":2001,"make":"UD","model":"3300"},{"id":1104,"year":2001,"make":"VICTORY","model":"V92C"},{"id":1105,"year":2001,"make":"VICTORY","model":"V92C DELUXE"},{"id":1106,"year":2001,"make":"VICTORY","model":"V92SC"},{"id":1107,"year":2001,"make":"VOLKSWAGEN","model":"BEETLE"},{"id":1108,"year":2001,"make":"VOLKSWAGEN","model":"CABRIO"},{"id":1109,"year":2001,"make":"VOLKSWAGEN","model":"COMBI"},{"id":1110,"year":2001,"make":"VOLKSWAGEN","model":"DERBY"},{"id":1111,"year":2001,"make":"VOLKSWAGEN","model":"EUROVAN"},{"id":1112,"year":2001,"make":"VOLKSWAGEN","model":"GOLF"},{"id":1113,"year":2001,"make":"VOLKSWAGEN","model":"JETTA"},{"id":1114,"year":2001,"make":"VOLKSWAGEN","model":"PANEL"},{"id":1115,"year":2001,"make":"VOLKSWAGEN","model":"PASSAT"},{"id":1116,"year":2001,"make":"VOLKSWAGEN","model":"POINTER"},{"id":1117,"year":2001,"make":"VOLKSWAGEN","model":"POINTER TRUCK"},{"id":1118,"year":2001,"make":"VOLKSWAGEN","model":"SEDAN"},{"id":1119,"year":2001,"make":"VOLVO","model":"C70"},{"id":1120,"year":2001,"make":"VOLVO","model":"S40"},{"id":1121,"year":2001,"make":"VOLVO","model":"S60"},{"id":1122,"year":2001,"make":"VOLVO","model":"S80"},{"id":1123,"year":2001,"make":"VOLVO","model":"V40"},{"id":1124,"year":2001,"make":"VOLVO","model":"V70"},{"id":1125,"year":2001,"make":"WESTERN STAR","model":"3700"},{"id":1126,"year":2001,"make":"WESTERN STAR","model":"3800"},{"id":1127,"year":2001,"make":"WORKHORSE","model":"FASTRACK FT1260"},{"id":1128,"year":2001,"make":"WORKHORSE","model":"FASTRACK FT1460"},{"id":1129,"year":2001,"make":"WORKHORSE","model":"FASTRACK FT1600"},{"id":1130,"year":2001,"make":"WORKHORSE","model":"FASTRACK FT1800"},{"id":1131,"year":2001,"make":"WORKHORSE","model":"P30"},{"id":1132,"year":2001,"make":"WORKHORSE","model":"P32"},{"id":1133,"year":2001,"make":"WORKHORSE","model":"P42"},{"id":1134,"year":2001,"make":"WORKHORSE","model":"W20"},{"id":1135,"year":2001,"make":"WORKHORSE","model":"W22"},{"id":1136,"year":2001,"make":"YAMAHA","model":"BR250T BRAVO LT"},{"id":1137,"year":2001,"make":"YAMAHA","model":"CW50 ZUMA II"},{"id":1138,"year":2001,"make":"YAMAHA","model":"CY50 JOG"},{"id":1139,"year":2001,"make":"YAMAHA","model":"FZS1000 FZ1"},{"id":1140,"year":2001,"make":"YAMAHA","model":"GP1200 WAVERUNNER GP1200"},{"id":1141,"year":2001,"make":"YAMAHA","model":"GP800A WAVERUNNER GP800R"},{"id":1142,"year":2001,"make":"YAMAHA","model":"MM600 MOUNTAIN MAX 600"},{"id":1143,"year":2001,"make":"YAMAHA","model":"MM700 MOUNTAIN MAX 700"},{"id":1144,"year":2001,"make":"YAMAHA","model":"PW50"},{"id":1145,"year":2001,"make":"YAMAHA","model":"PW80"},{"id":1146,"year":2001,"make":"YAMAHA","model":"PZ500 PHAZER 500"},{"id":1147,"year":2001,"make":"YAMAHA","model":"PZ500DX PHAZER DELUXE"},{"id":1148,"year":2001,"make":"YAMAHA","model":"PZ500ML PHAZER MOUNTAIN LITE"},{"id":1149,"year":2001,"make":"YAMAHA","model":"SH50 RAZZ"},{"id":1150,"year":2001,"make":"YAMAHA","model":"SJ700 SUPER JET"},{"id":1151,"year":2001,"make":"YAMAHA","model":"SRX700"},{"id":1152,"year":2001,"make":"YAMAHA","model":"SRX700S"},{"id":1153,"year":2001,"make":"YAMAHA","model":"SV1200 WAVERUNNER SUV1200"},{"id":1154,"year":2001,"make":"YAMAHA","model":"SX500/R"},{"id":1155,"year":2001,"make":"YAMAHA","model":"SX600/R"},{"id":1156,"year":2001,"make":"YAMAHA","model":"SX700/R"},{"id":1157,"year":2001,"make":"YAMAHA","model":"TTR125"},{"id":1158,"year":2001,"make":"YAMAHA","model":"TTR125L"},{"id":1159,"year":2001,"make":"YAMAHA","model":"TTR225"},{"id":1160,"year":2001,"make":"YAMAHA","model":"TTR250"},{"id":1161,"year":2001,"make":"YAMAHA","model":"TTR90"},{"id":1162,"year":2001,"make":"YAMAHA","model":"TW200"},{"id":1163,"year":2001,"make":"YAMAHA","model":"TZ250"},{"id":1164,"year":2001,"make":"YAMAHA","model":"VK540 III"},{"id":1165,"year":2001,"make":"YAMAHA","model":"VMX1200 V-MAX"},{"id":1166,"year":2001,"make":"YAMAHA","model":"VT500 VENTURE 500"},{"id":1167,"year":2001,"make":"YAMAHA","model":"VT500XL VENTURE 500 XL"},{"id":1168,"year":2001,"make":"YAMAHA","model":"VT600 VENTURE 600"},{"id":1169,"year":2001,"make":"YAMAHA","model":"VT700 VENTURE 700"},{"id":1170,"year":2001,"make":"YAMAHA","model":"VX500 VMAX 500"},{"id":1171,"year":2001,"make":"YAMAHA","model":"VX500DX VMAX 500 DELUXE"},{"id":1172,"year":2001,"make":"YAMAHA","model":"VX600DX VMAX 600 DELUXE"},{"id":1173,"year":2001,"make":"YAMAHA","model":"VX700 VMAX 700"},{"id":1174,"year":2001,"make":"YAMAHA","model":"VX700DX VMAX 700 DELUXE"},{"id":1175,"year":2001,"make":"YAMAHA","model":"WR250F"},{"id":1176,"year":2001,"make":"YAMAHA","model":"WR426F"},{"id":1177,"year":2001,"make":"YAMAHA","model":"XA1200A WAVERUNNER XLT1200"},{"id":1178,"year":2001,"make":"YAMAHA","model":"XA800 WAVERUNNER XL800"},{"id":1179,"year":2001,"make":"YAMAHA","model":"XC125 RIVA 125"},{"id":1180,"year":2001,"make":"YAMAHA","model":"XL700 WAVERUNNER XL700"},{"id":1181,"year":2001,"make":"YAMAHA","model":"XT225"},{"id":1182,"year":2001,"make":"YAMAHA","model":"XV1600A ROAD STAR"},{"id":1183,"year":2001,"make":"YAMAHA","model":"XV1600AS ROAD STAR MIDNIGHT"},{"id":1184,"year":2001,"make":"YAMAHA","model":"XV1600AT ROAD STAR SILVERADO"},{"id":1185,"year":2001,"make":"YAMAHA","model":"XV250 VIRAGO"},{"id":1186,"year":2001,"make":"YAMAHA","model":"XVS1100 V STAR 1100 CUSTOM"},{"id":1187,"year":2001,"make":"YAMAHA","model":"XVS1100A V STAR 1100 CLASSIC"},{"id":1188,"year":2001,"make":"YAMAHA","model":"XVS650 V STAR CUSTOM"},{"id":1189,"year":2001,"make":"YAMAHA","model":"XVS650A V STAR CLASSIC"},{"id":1190,"year":2001,"make":"YAMAHA","model":"XVZ1300AL ROYAL STAR BOULEVARD"},{"id":1191,"year":2001,"make":"YAMAHA","model":"XVZ1300CT ROYAL STAR TOUR DELUXE"},{"id":1192,"year":2001,"make":"YAMAHA","model":"XVZ1300TF ROYAL STAR VENTURE"},{"id":1193,"year":2001,"make":"YAMAHA","model":"YFA-1 BREEZE125"},{"id":1194,"year":2001,"make":"YAMAHA","model":"YFM250 BEAR TRACKER"},{"id":1195,"year":2001,"make":"YAMAHA","model":"YFM350F WOLVERINE 4X4"},{"id":1196,"year":2001,"make":"YAMAHA","model":"YFM350X WARRIOR"},{"id":1197,"year":2001,"make":"YAMAHA","model":"YFM400 BIG BEAR 2X4"},{"id":1198,"year":2001,"make":"YAMAHA","model":"YFM400 BIG BEAR 4X4"},{"id":1199,"year":2001,"make":"YAMAHA","model":"YFM400A KODIAK"},{"id":1200,"year":2001,"make":"YAMAHA","model":"YFM400F KODIAK 4X4"},{"id":1201,"year":2001,"make":"YAMAHA","model":"YFM600FW GRIZZLY 4X4"},{"id":1202,"year":2001,"make":"YAMAHA","model":"YFM660R RAPTOR"},{"id":1203,"year":2001,"make":"YAMAHA","model":"YFM80 BADGER"},{"id":1204,"year":2001,"make":"YAMAHA","model":"YFS200 BLASTER"},{"id":1205,"year":2001,"make":"YAMAHA","model":"YFZ350 BANSHEE"},{"id":1206,"year":2001,"make":"YAMAHA","model":"YJ50 VINO"},{"id":1207,"year":2001,"make":"YAMAHA","model":"YZ125"},{"id":1208,"year":2001,"make":"YAMAHA","model":"YZ250"},{"id":1209,"year":2001,"make":"YAMAHA","model":"YZ250F"},{"id":1210,"year":2001,"make":"YAMAHA","model":"YZ426F"},{"id":1211,"year":2001,"make":"YAMAHA","model":"YZ80"},{"id":1212,"year":2001,"make":"YAMAHA","model":"YZF-R1"},{"id":1213,"year":2001,"make":"YAMAHA","model":"YZF-R6"},{"id":1214,"year":2001,"make":"YAMAHA","model":"YZF600R"},{"id":1215,"year":2002,"make":"ACURA","model":"CL"},{"id":1216,"year":2002,"make":"ACURA","model":"EL"},{"id":1217,"year":2002,"make":"ACURA","model":"MDX"},{"id":1218,"year":2002,"make":"ACURA","model":"NSX"},{"id":1219,"year":2002,"make":"ACURA","model":"RL"},{"id":1220,"year":2002,"make":"ACURA","model":"RSX"},{"id":1221,"year":2002,"make":"ACURA","model":"TL"},{"id":1222,"year":2002,"make":"ALFA ROMEO","model":"147"},{"id":1223,"year":2002,"make":"ALFA ROMEO","model":"156"},{"id":1224,"year":2002,"make":"AMERICAN IRONHORSE","model":"CLASSIC"},{"id":1225,"year":2002,"make":"AMERICAN IRONHORSE","model":"LEGEND"},{"id":1226,"year":2002,"make":"AMERICAN IRONHORSE","model":"OUTLAW"},{"id":1227,"year":2002,"make":"AMERICAN IRONHORSE","model":"RANGER"},{"id":1228,"year":2002,"make":"AMERICAN IRONHORSE","model":"SLAMMER"},{"id":1229,"year":2002,"make":"AMERICAN IRONHORSE","model":"TEJAS"},{"id":1230,"year":2002,"make":"AMERICAN IRONHORSE","model":"THUNDER"},{"id":1231,"year":2002,"make":"APRILIA","model":"ATLANTIC 500"},{"id":1232,"year":2002,"make":"APRILIA","model":"ETV 1000 CAPONORD"},{"id":1233,"year":2002,"make":"APRILIA","model":"MOJITO CUSTOM 50"},{"id":1234,"year":2002,"make":"APRILIA","model":"MOJITO RETRO 50"},{"id":1235,"year":2002,"make":"APRILIA","model":"PEGASO 650"},{"id":1236,"year":2002,"make":"APRILIA","model":"RALLY 50 (AIR COOLED)"},{"id":1237,"year":2002,"make":"APRILIA","model":"RS 125"},{"id":1238,"year":2002,"make":"APRILIA","model":"RS 250"},{"id":1239,"year":2002,"make":"APRILIA","model":"RS 50"},{"id":1240,"year":2002,"make":"APRILIA","model":"RST1000 FUTURA"},{"id":1241,"year":2002,"make":"APRILIA","model":"RSV MILLE"},{"id":1242,"year":2002,"make":"APRILIA","model":"RSV MILLE R"},{"id":1243,"year":2002,"make":"APRILIA","model":"SCARABEO 100"},{"id":1244,"year":2002,"make":"APRILIA","model":"SCARABEO 125"},{"id":1245,"year":2002,"make":"APRILIA","model":"SCARABEO 150"},{"id":1246,"year":2002,"make":"APRILIA","model":"SCARABEO 50 2T"},{"id":1247,"year":2002,"make":"APRILIA","model":"SCARABEO 50 4T"},{"id":1248,"year":2002,"make":"APRILIA","model":"SCARABEO 50 DITECH"},{"id":1249,"year":2002,"make":"APRILIA","model":"SL1000 FALCO"},{"id":1250,"year":2002,"make":"APRILIA","model":"SR 50 DITECH"},{"id":1251,"year":2002,"make":"ARCTIC CAT","model":"250 2X4"},{"id":1252,"year":2002,"make":"ARCTIC CAT","model":"250 4X4"},{"id":1253,"year":2002,"make":"ARCTIC CAT","model":"300 2X4"},{"id":1254,"year":2002,"make":"ARCTIC CAT","model":"300 4X4"},{"id":1255,"year":2002,"make":"ARCTIC CAT","model":"375 AUTO 2X4"},{"id":1256,"year":2002,"make":"ARCTIC CAT","model":"375 AUTO 4X4"},{"id":1257,"year":2002,"make":"ARCTIC CAT","model":"4-STROKE TOURING"},{"id":1258,"year":2002,"make":"ARCTIC CAT","model":"4-STROKE TRAIL"},{"id":1259,"year":2002,"make":"ARCTIC CAT","model":"400 2X4"},{"id":1260,"year":2002,"make":"ARCTIC CAT","model":"400 2X4 FIS"},{"id":1261,"year":2002,"make":"ARCTIC CAT","model":"400 4X4"},{"id":1262,"year":2002,"make":"ARCTIC CAT","model":"400 4X4 AUTO"},{"id":1263,"year":2002,"make":"ARCTIC CAT","model":"400 4X4 FIS"},{"id":1264,"year":2002,"make":"ARCTIC CAT","model":"500 4X4"},{"id":1265,"year":2002,"make":"ARCTIC CAT","model":"500 4X4 AUTO"},{"id":1266,"year":2002,"make":"ARCTIC CAT","model":"500 4X4 AUTO FIS"},{"id":1267,"year":2002,"make":"ARCTIC CAT","model":"500 4X4 AUTO TBX"},{"id":1268,"year":2002,"make":"ARCTIC CAT","model":"500 4X4 FIS"},{"id":1269,"year":2002,"make":"ARCTIC CAT","model":"90 2X4"},{"id":1270,"year":2002,"make":"ARCTIC CAT","model":"BEARCAT WIDETRACK"},{"id":1271,"year":2002,"make":"ARCTIC CAT","model":"MOUNTAIN CAT 1000"},{"id":1272,"year":2002,"make":"ARCTIC CAT","model":"MOUNTAIN CAT 500"},{"id":1273,"year":2002,"make":"ARCTIC CAT","model":"MOUNTAIN CAT 570"},{"id":1274,"year":2002,"make":"ARCTIC CAT","model":"MOUNTAIN CAT 600 EFI"},{"id":1275,"year":2002,"make":"ARCTIC CAT","model":"MOUNTAIN CAT 600 EFI LE"},{"id":1276,"year":2002,"make":"ARCTIC CAT","model":"MOUNTAIN CAT 800"},{"id":1277,"year":2002,"make":"ARCTIC CAT","model":"MOUNTAIN CAT 800 EFI"},{"id":1278,"year":2002,"make":"ARCTIC CAT","model":"MOUNTAIN CAT 800 EFI LE 144"},{"id":1279,"year":2002,"make":"ARCTIC CAT","model":"MOUNTAIN CAT 800 EFI LE 151"},{"id":1280,"year":2002,"make":"ARCTIC CAT","model":"MOUNTAIN CAT 800 LE 144"},{"id":1281,"year":2002,"make":"ARCTIC CAT","model":"MOUNTAIN CAT 800 LE 151"},{"id":1282,"year":2002,"make":"ARCTIC CAT","model":"PANTERA 550"},{"id":1283,"year":2002,"make":"ARCTIC CAT","model":"PANTERA 600 EFI ESR"},{"id":1284,"year":2002,"make":"ARCTIC CAT","model":"PANTERA 800 EFI ESR"},{"id":1285,"year":2002,"make":"ARCTIC CAT","model":"PANTHER 440"},{"id":1286,"year":2002,"make":"ARCTIC CAT","model":"PANTHER 570 ESR"},{"id":1287,"year":2002,"make":"ARCTIC CAT","model":"PANTHER 570 R"},{"id":1288,"year":2002,"make":"ARCTIC CAT","model":"SBS 1000"},{"id":1289,"year":2002,"make":"ARCTIC CAT","model":"THUNDERCAT"},{"id":1290,"year":2002,"make":"ARCTIC CAT","model":"Z 370"},{"id":1291,"year":2002,"make":"ARCTIC CAT","model":"Z 370 ES"},{"id":1292,"year":2002,"make":"ARCTIC CAT","model":"Z 440"},{"id":1293,"year":2002,"make":"ARCTIC CAT","model":"Z 440 ES"},{"id":1294,"year":2002,"make":"ARCTIC CAT","model":"Z 440 SNO PRO"},{"id":1295,"year":2002,"make":"ARCTIC CAT","model":"Z 570"},{"id":1296,"year":2002,"make":"ARCTIC CAT","model":"Z 570 ESR"},{"id":1297,"year":2002,"make":"ARCTIC CAT","model":"Z 570 SS"},{"id":1298,"year":2002,"make":"ARCTIC CAT","model":"ZL 500"},{"id":1299,"year":2002,"make":"ARCTIC CAT","model":"ZL 550"},{"id":1300,"year":2002,"make":"ARCTIC CAT","model":"ZL 550 ESR"},{"id":1301,"year":2002,"make":"ARCTIC CAT","model":"ZL 600 EFI"},{"id":1302,"year":2002,"make":"ARCTIC CAT","model":"ZL 600 EFI ESR"},{"id":1303,"year":2002,"make":"ARCTIC CAT","model":"ZL 600 EFI SS"},{"id":1304,"year":2002,"make":"ARCTIC CAT","model":"ZL 600 EFI SS ESR"},{"id":1305,"year":2002,"make":"ARCTIC CAT","model":"ZL 800 EFI ESR"},{"id":1306,"year":2002,"make":"ARCTIC CAT","model":"ZL 800 EFI SS"},{"id":1307,"year":2002,"make":"ARCTIC CAT","model":"ZR 120"},{"id":1308,"year":2002,"make":"ARCTIC CAT","model":"ZR 440 SNO PRO"},{"id":1309,"year":2002,"make":"ARCTIC CAT","model":"ZR 500"},{"id":1310,"year":2002,"make":"ARCTIC CAT","model":"ZR 500 LE"},{"id":1311,"year":2002,"make":"ARCTIC CAT","model":"ZR 600"},{"id":1312,"year":2002,"make":"ARCTIC CAT","model":"ZR 600 EFI"},{"id":1313,"year":2002,"make":"ARCTIC CAT","model":"ZR 800"},{"id":1314,"year":2002,"make":"ARCTIC CAT","model":"ZR 800 EFI"},{"id":1315,"year":2002,"make":"ARCTIC CAT","model":"ZRT 600"},{"id":1316,"year":2002,"make":"ASTON MARTIN","model":"DB7"},{"id":1317,"year":2002,"make":"ASTON MARTIN","model":"VANQUISH"},{"id":1318,"year":2002,"make":"ATK","model":"250 ENDURO"},{"id":1319,"year":2002,"make":"ATK","model":"350 ENDURO"},{"id":1320,"year":2002,"make":"ATK","model":"50 MX"},{"id":1321,"year":2002,"make":"AUDI","model":"A3"},{"id":1322,"year":2002,"make":"AUDI","model":"A4"},{"id":1323,"year":2002,"make":"AUDI","model":"A4 QUATTRO"},{"id":1324,"year":2002,"make":"AUDI","model":"A6"},{"id":1325,"year":2002,"make":"AUDI","model":"A6 QUATTRO"},{"id":1326,"year":2002,"make":"AUDI","model":"A8 QUATTRO"},{"id":1327,"year":2002,"make":"AUDI","model":"ALLROAD QUATTRO"},{"id":1328,"year":2002,"make":"AUDI","model":"RS4"},{"id":1329,"year":2002,"make":"AUDI","model":"S3"},{"id":1330,"year":2002,"make":"AUDI","model":"S4"},{"id":1331,"year":2002,"make":"AUDI","model":"S6"},{"id":1332,"year":2002,"make":"AUDI","model":"S8"},{"id":1333,"year":2002,"make":"AUDI","model":"TT"},{"id":1334,"year":2002,"make":"AUDI","model":"TT QUATTRO"},{"id":1335,"year":2002,"make":"AUTOCAR LLC.","model":"XPEDITOR WX"},{"id":1336,"year":2002,"make":"AVANTI","model":"II"},{"id":1337,"year":2002,"make":"BENTLEY","model":"ARNAGE"},{"id":1338,"year":2002,"make":"BENTLEY","model":"AZURE"},{"id":1339,"year":2002,"make":"BENTLEY","model":"CONTINENTAL"},{"id":1340,"year":2002,"make":"BIG DOG","model":"BOXER"},{"id":1341,"year":2002,"make":"BIG DOG","model":"BULLDOG"},{"id":1342,"year":2002,"make":"BIG DOG","model":"HUSKY"},{"id":1343,"year":2002,"make":"BIG DOG","model":"MASTIFF"},{"id":1344,"year":2002,"make":"BIG DOG","model":"PITBULL"},{"id":1345,"year":2002,"make":"BIG DOG","model":"PRO SPORT"},{"id":1346,"year":2002,"make":"BIG DOG","model":"WOLF"},{"id":1347,"year":2002,"make":"BLUE BIRD","model":"ALL AMERICAN"},{"id":1348,"year":2002,"make":"BLUE BIRD","model":"SHL TC2000"},{"id":1349,"year":2002,"make":"BLUE BIRD","model":"TC2000"},{"id":1350,"year":2002,"make":"BLUE BIRD","model":"WANDERLODGE"},{"id":1351,"year":2002,"make":"BMW","model":"320I"},{"id":1352,"year":2002,"make":"BMW","model":"325CI"},{"id":1353,"year":2002,"make":"BMW","model":"325I"},{"id":1354,"year":2002,"make":"BMW","model":"325XI"},{"id":1355,"year":2002,"make":"BMW","model":"330CI"},{"id":1356,"year":2002,"make":"BMW","model":"330I"},{"id":1357,"year":2002,"make":"BMW","model":"330XI"},{"id":1358,"year":2002,"make":"BMW","model":"525I"},{"id":1359,"year":2002,"make":"BMW","model":"530I"},{"id":1360,"year":2002,"make":"BMW","model":"540I"},{"id":1361,"year":2002,"make":"BMW","model":"745I"},{"id":1362,"year":2002,"make":"BMW","model":"745LI"},{"id":1363,"year":2002,"make":"BMW","model":"F650CS"},{"id":1364,"year":2002,"make":"BMW","model":"F650GS"},{"id":1365,"year":2002,"make":"BMW","model":"F650GS ABS"},{"id":1366,"year":2002,"make":"BMW","model":"F650GS DAKAR"},{"id":1367,"year":2002,"make":"BMW","model":"F650GS DAKAR ABS"},{"id":1368,"year":2002,"make":"BMW","model":"K1200LT"},{"id":1369,"year":2002,"make":"BMW","model":"K1200LTC"},{"id":1370,"year":2002,"make":"BMW","model":"K1200RS"},{"id":1371,"year":2002,"make":"BMW","model":"M3"},{"id":1372,"year":2002,"make":"BMW","model":"M5"},{"id":1373,"year":2002,"make":"BMW","model":"R1100S"},{"id":1374,"year":2002,"make":"BMW","model":"R1100S ABS"},{"id":1375,"year":2002,"make":"BMW","model":"R1100S BOXER CUP"},{"id":1376,"year":2002,"make":"BMW","model":"R1150GS"},{"id":1377,"year":2002,"make":"BMW","model":"R1150GS ADVENTURE"},{"id":1378,"year":2002,"make":"BMW","model":"R1150R"},{"id":1379,"year":2002,"make":"BMW","model":"R1150R ROADSTER"},{"id":1380,"year":2002,"make":"BMW","model":"R1150RS"},{"id":1381,"year":2002,"make":"BMW","model":"R1150RT"},{"id":1382,"year":2002,"make":"BMW","model":"R1200C"},{"id":1383,"year":2002,"make":"BMW","model":"R1200C AVANTGARDE"},{"id":1384,"year":2002,"make":"BMW","model":"R1200C CLASSIC"},{"id":1385,"year":2002,"make":"BMW","model":"R1200C EURO"},{"id":1386,"year":2002,"make":"BMW","model":"R1200C INDEPENDENT"},{"id":1387,"year":2002,"make":"BMW","model":"R1200C MONTANA"},{"id":1388,"year":2002,"make":"BMW","model":"R1200C PHOENIX"},{"id":1389,"year":2002,"make":"BMW","model":"R1200CL"},{"id":1390,"year":2002,"make":"BMW","model":"X5"},{"id":1391,"year":2002,"make":"BMW","model":"Z3"},{"id":1392,"year":2002,"make":"BMW","model":"Z8"},{"id":1393,"year":2002,"make":"BOMBARDIER","model":"DS50"},{"id":1394,"year":2002,"make":"BOMBARDIER","model":"DS650"},{"id":1395,"year":2002,"make":"BOMBARDIER","model":"DS650 BAJA"},{"id":1396,"year":2002,"make":"BOMBARDIER","model":"DS650 RACER"},{"id":1397,"year":2002,"make":"BOMBARDIER","model":"DS90"},{"id":1398,"year":2002,"make":"BOMBARDIER","model":"DS90 4-STROKE"},{"id":1399,"year":2002,"make":"BOMBARDIER","model":"QUEST 500 4X4"},{"id":1400,"year":2002,"make":"BOMBARDIER","model":"QUEST 500 4X4 XT"},{"id":1401,"year":2002,"make":"BOMBARDIER","model":"QUEST 650 4X4"},{"id":1402,"year":2002,"make":"BOMBARDIER","model":"QUEST 650 4X4 XT"},{"id":1403,"year":2002,"make":"BOMBARDIER","model":"TRAXTER 500 4X4 AUTO"},{"id":1404,"year":2002,"make":"BOMBARDIER","model":"TRAXTER 500 4X4 AUTO XT"},{"id":1405,"year":2002,"make":"BOMBARDIER","model":"TRAXTER 500 XL"},{"id":1406,"year":2002,"make":"BUELL","model":"BLAST"},{"id":1407,"year":2002,"make":"BUELL","model":"M2 CYCLONE"},{"id":1408,"year":2002,"make":"BUELL","model":"M2L CYCLONE"},{"id":1409,"year":2002,"make":"BUELL","model":"S3T THUNDERBOLT"},{"id":1410,"year":2002,"make":"BUELL","model":"X1 LIGHTNING"},{"id":1411,"year":2002,"make":"BUELL","model":"X1W WHITE LIGHTNING"},{"id":1412,"year":2002,"make":"BUELL","model":"XB9R FIREBOLT"},{"id":1413,"year":2002,"make":"BUICK","model":"CENTURY"},{"id":1414,"year":2002,"make":"BUICK","model":"LESABRE"},{"id":1415,"year":2002,"make":"BUICK","model":"PARK AVENUE"},{"id":1416,"year":2002,"make":"BUICK","model":"REGAL"},{"id":1417,"year":2002,"make":"BUICK","model":"RENDEZVOUS"},{"id":1418,"year":2002,"make":"CADILLAC","model":"DEVILLE"},{"id":1419,"year":2002,"make":"CADILLAC","model":"ELDORADO"},{"id":1420,"year":2002,"make":"CADILLAC","model":"ESCALADE"},{"id":1421,"year":2002,"make":"CADILLAC","model":"ESCALADE EXT"},{"id":1422,"year":2002,"make":"CADILLAC","model":"SEVILLE"},{"id":1423,"year":2002,"make":"CANNONDALE","model":"BLAZE 440"},{"id":1424,"year":2002,"make":"CANNONDALE","model":"C440R"},{"id":1425,"year":2002,"make":"CANNONDALE","model":"CANNIBAL 440"},{"id":1426,"year":2002,"make":"CANNONDALE","model":"E440"},{"id":1427,"year":2002,"make":"CANNONDALE","model":"MOTO 440"},{"id":1428,"year":2002,"make":"CANNONDALE","model":"SPEED 440"},{"id":1429,"year":2002,"make":"CANNONDALE","model":"X440"},{"id":1430,"year":2002,"make":"CHANCE COACH TRANSIT BUS","model":"AH-28"},{"id":1431,"year":2002,"make":"CHEVROLET","model":"ASTRA"},{"id":1432,"year":2002,"make":"CHEVROLET","model":"ASTRO"},{"id":1433,"year":2002,"make":"CHEVROLET","model":"AVALANCHE 1500"},{"id":1434,"year":2002,"make":"CHEVROLET","model":"AVALANCHE 2500"},{"id":1435,"year":2002,"make":"CHEVROLET","model":"B7"},{"id":1436,"year":2002,"make":"CHEVROLET","model":"BLAZER"},{"id":1437,"year":2002,"make":"CHEVROLET","model":"C3500"},{"id":1438,"year":2002,"make":"CHEVROLET","model":"C3500HD"},{"id":1439,"year":2002,"make":"CHEVROLET","model":"C6500 KODIAK"},{"id":1440,"year":2002,"make":"CHEVROLET","model":"C7500 KODIAK"},{"id":1441,"year":2002,"make":"CHEVROLET","model":"CAMARO"},{"id":1442,"year":2002,"make":"CHEVROLET","model":"CAVALIER"},{"id":1443,"year":2002,"make":"CHEVROLET","model":"CHEVY"},{"id":1444,"year":2002,"make":"CHEVROLET","model":"CHEVY PICKUP"},{"id":1445,"year":2002,"make":"CHEVROLET","model":"CORSA"},{"id":1446,"year":2002,"make":"CHEVROLET","model":"CORVETTE"},{"id":1447,"year":2002,"make":"CHEVROLET","model":"EXPRESS 1500"},{"id":1448,"year":2002,"make":"CHEVROLET","model":"EXPRESS 2500"},{"id":1449,"year":2002,"make":"CHEVROLET","model":"EXPRESS 3500"},{"id":1450,"year":2002,"make":"CHEVROLET","model":"G30"},{"id":1451,"year":2002,"make":"CHEVROLET","model":"IMPALA"},{"id":1452,"year":2002,"make":"CHEVROLET","model":"LUV"},{"id":1453,"year":2002,"make":"CHEVROLET","model":"MALIBU"},{"id":1454,"year":2002,"make":"CHEVROLET","model":"MONTE CARLO"},{"id":1455,"year":2002,"make":"CHEVROLET","model":"P30"},{"id":1456,"year":2002,"make":"CHEVROLET","model":"PRIZM"},{"id":1457,"year":2002,"make":"CHEVROLET","model":"R25"},{"id":1458,"year":2002,"make":"CHEVROLET","model":"S10"},{"id":1459,"year":2002,"make":"CHEVROLET","model":"SILVERADO 1500"},{"id":1460,"year":2002,"make":"CHEVROLET","model":"SILVERADO 1500 HD"},{"id":1461,"year":2002,"make":"CHEVROLET","model":"SILVERADO 2500"},{"id":1462,"year":2002,"make":"CHEVROLET","model":"SILVERADO 2500 HD"},{"id":1463,"year":2002,"make":"CHEVROLET","model":"SILVERADO 3500"},{"id":1464,"year":2002,"make":"CHEVROLET","model":"SONORA"},{"id":1465,"year":2002,"make":"CHEVROLET","model":"SUBURBAN 1500"},{"id":1466,"year":2002,"make":"CHEVROLET","model":"SUBURBAN 2500"},{"id":1467,"year":2002,"make":"CHEVROLET","model":"T6500"},{"id":1468,"year":2002,"make":"CHEVROLET","model":"T7500"},{"id":1469,"year":2002,"make":"CHEVROLET","model":"TAHOE"},{"id":1470,"year":2002,"make":"CHEVROLET","model":"TRACKER"},{"id":1471,"year":2002,"make":"CHEVROLET","model":"TRAILBLAZER"},{"id":1472,"year":2002,"make":"CHEVROLET","model":"TRAILBLAZER EXT"},{"id":1473,"year":2002,"make":"CHEVROLET","model":"VENTURE"},{"id":1474,"year":2002,"make":"CHEVROLET","model":"W3500 TILTMASTER"},{"id":1475,"year":2002,"make":"CHEVROLET","model":"W4500 TILTMASTER"},{"id":1476,"year":2002,"make":"CHEVROLET","model":"W5500 TILTMASTER"},{"id":1477,"year":2002,"make":"CHEVROLET","model":"ZAFIRA"},{"id":1478,"year":2002,"make":"CHRYSLER","model":"300M"},{"id":1479,"year":2002,"make":"CHRYSLER","model":"CIRRUS"},{"id":1480,"year":2002,"make":"CHRYSLER","model":"CONCORDE"},{"id":1481,"year":2002,"make":"CHRYSLER","model":"GRAND VOYAGER"},{"id":1482,"year":2002,"make":"CHRYSLER","model":"INTREPID"},{"id":1483,"year":2002,"make":"CHRYSLER","model":"NEON"},{"id":1484,"year":2002,"make":"CHRYSLER","model":"PROWLER"},{"id":1485,"year":2002,"make":"CHRYSLER","model":"PT CRUISER"},{"id":1486,"year":2002,"make":"CHRYSLER","model":"SEBRING"},{"id":1487,"year":2002,"make":"CHRYSLER","model":"TOWN & COUNTRY"},{"id":1488,"year":2002,"make":"CHRYSLER","model":"VOYAGER"},{"id":1489,"year":2002,"make":"COBRA","model":"CM50"},{"id":1490,"year":2002,"make":"COBRA","model":"KING"},{"id":1491,"year":2002,"make":"COUNTRY COACH MOTORHOME","model":"AFFINITY"},{"id":1492,"year":2002,"make":"COUNTRY COACH MOTORHOME","model":"ALLURE"},{"id":1493,"year":2002,"make":"COUNTRY COACH MOTORHOME","model":"INTRIGUE"},{"id":1494,"year":2002,"make":"COUNTRY COACH MOTORHOME","model":"MAGNA"},{"id":1495,"year":2002,"make":"DAEWOO","model":"LANOS"},{"id":1496,"year":2002,"make":"DAEWOO","model":"LEGANZA"},{"id":1497,"year":2002,"make":"DAEWOO","model":"NUBIRA"},{"id":1498,"year":2002,"make":"DODGE","model":"ATOS"},{"id":1499,"year":2002,"make":"DODGE","model":"CARAVAN"}]