[
  {
    "word": "abroad",
    "definition": "out of doors"
  },
  {
    "word": "accouchement",
    "definition": "birthing"
  },
  {
    "word": "advertisement",
    "definition": "a notice to readers in a book"
  },
  {
    "word": "afeard/afeared",
    "definition": "frightened"
  },
  {
    "word": "affright",
    "definition": "frighten (someone)"
  },
  {
    "word": "ague",
    "definition": "malaria or a similar illness"
  },
  {
    "word": "aliment",
    "definition": "food; nourishment"
  },
  {
    "word": "ambuscade",
    "definition": "an ambush"
  },
  {
    "word": "animalcule",
    "definition": "a microscopic animal"
  },
  {
    "word": "apothecary",
    "definition": "a person who prepared and sold medicine"
  },
  {
    "word": "appetency",
    "definition": "a longing or desire"
  },
  {
    "word": "assay",
    "definition": "attempt"
  },
  {
    "word": "asunder",
    "definition": "apart"
  },
  {
    "word": "audition",
    "definition": "the power of hearing"
  },
  {
    "word": "aught",
    "definition": "anything at all"
  },
  {
    "word": "avaunt",
    "definition": "go away"
  },
  {
    "word": "bane",
    "definition": "poison"
  },
  {
    "word": "baseborn",
    "definition": "of low birth or social standing"
  },
  {
    "word": "bedlam",
    "definition": "an asylum"
  },
  {
    "word": "behold",
    "definition": "see or observe"
  },
  {
    "word": "behoof",
    "definition": "benefit or advantage"
  },
  {
    "word": "beldam",
    "definition": "an old woman"
  },
  {
    "word": "bethink oneself of",
    "definition": "remember; recollect"
  },
  {
    "word": "betimes",
    "definition": "in good time; early"
  },
  {
    "word": "bibliopole",
    "definition": "a dealer in books"
  },
  {
    "word": "bijoux",
    "definition": "jewellery; trinkets"
  },
  {
    "word": "billow",
    "definition": "a large sea wave"
  },
  {
    "word": "blackguard",
    "definition": "a scoundrel"
  },
  {
    "word": "blow",
    "definition": "produce flowers or be in flower"
  },
  {
    "word": "bodkin",
    "definition": "a dagger"
  },
  {
    "word": "bootless",
    "definition": "(of a task) ineffectual; useless"
  },
  {
    "word": "breech",
    "definition": "a persons buttocks"
  },
  {
    "word": "bridewell",
    "definition": "a prison or reform school for petty offenders"
  },
  {
    "word": "brimstone",
    "definition": "sulphur"
  },
  {
    "word": "bruit",
    "definition": "a report or rumour"
  },
  {
    "word": "buck",
    "definition": "a fashionable and daring young man"
  },
  {
    "word": "bumper",
    "definition": "a generous glass of an alcoholic drink"
  },
  {
    "word": "burgess",
    "definition": "a full citizen of a town or borough"
  },
  {
    "word": "buss",
    "definition": "a kiss"
  },
  {
    "word": "caboose",
    "definition": "a kitchen on a ships deck"
  },
  {
    "word": "cadet",
    "definition": "a younger son or daughter"
  },
  {
    "word": "caducity",
    "definition": "the infirmity of old age; senility"
  },
  {
    "word": "camelopard",
    "definition": "a giraffe"
  },
  {
    "word": "cannonade",
    "definition": "bombard"
  },
  {
    "word": "carl",
    "definition": "a man of low birth"
  },
  {
    "word": "ceil",
    "definition": "line or plaster the roof of (a building)"
  },
  {
    "word": "champaign",
    "definition": "open level countryside"
  },
  {
    "word": "chapman",
    "definition": "a peddler"
  },
  {
    "word": "chicane",
    "definition": "deceive; hoodwink"
  },
  {
    "word": "circumjacent",
    "definition": "surrounding"
  },
  {
    "word": "cicisbeo",
    "definition": "a married womans male companion or lover"
  },
  {
    "word": "cispontine",
    "definition": "on the north side of the Thames in London"
  },
  {
    "word": "cleanse",
    "definition": "restore to health"
  },
  {
    "word": "clerk",
    "definition": "a literate or scholarly person"
  },
  {
    "word": "clew",
    "definition": "a ball of thread"
  },
  {
    "word": "clout",
    "definition": "a piece of cloth or clothing"
  },
  {
    "word": "collogue",
    "definition": "talk confidentially"
  },
  {
    "word": "commend",
    "definition": "entrust someone or something to"
  },
  {
    "word": "commons",
    "definition": "provisions shared in common; rations"
  },
  {
    "word": "communicant",
    "definition": "a person who imparts information"
  },
  {
    "word": "compass",
    "definition": "encircle or surround"
  },
  {
    "word": "compeer",
    "definition": "a companion or close associate"
  },
  {
    "word": "con",
    "definition": "study attentively or learn by heart (a piece of writing)"
  },
  {
    "word": "condition",
    "definition": "social position"
  },
  {
    "word": "conjure",
    "definition": "implore (someone) to do something"
  },
  {
    "word": "contemn",
    "definition": "treat or regard with contempt"
  },
  {
    "word": "contumely",
    "definition": "insolent or insulting language or treatment"
  },
  {
    "word": "cordwainer",
    "definition": "a shoemaker"
  },
  {
    "word": "corrupt",
    "definition": "rotten or putrid"
  },
  {
    "word": "corse",
    "definition": "a corpse"
  },
  {
    "word": "cottier",
    "definition": "a rural labourer living in a cottage"
  },
  {
    "word": "coxcomb",
    "definition": "a vain and conceited man; a dandy"
  },
  {
    "word": "coz",
    "definition": "cousin"
  },
  {
    "word": "crinkum-crankum",
    "definition": "elaborate decoration or detail"
  },
  {
    "word": "crookback",
    "definition": "a person with a hunchback"
  },
  {
    "word": "crumpet",
    "definition": "a persons head"
  },
  {
    "word": "cruse",
    "definition": "an earthenware pot or jar"
  },
  {
    "word": "cully",
    "definition": "a friendly form of address for a man"
  },
  {
    "word": "cutpurse",
    "definition": "a pickpocket"
  },
  {
    "word": "dame",
    "definition": "an elderly or mature woman"
  },
  {
    "word": "damsel",
    "definition": "a young unmarried woman"
  },
  {
    "word": "dandiprat",
    "definition": "a young or insignificant person"
  },
  {
    "word": "darbies",
    "definition": "handcuffs"
  },
  {
    "word": "dark",
    "definition": "ignorant"
  },
  {
    "word": "degrade",
    "definition": "reduce to a lower rank, especially as a punishment"
  },
  {
    "word": "degree",
    "definition": "social or official rank"
  },
  {
    "word": "delate",
    "definition": "report (an offence)"
  },
  {
    "word": "demesne",
    "definition": "a region or domain"
  },
  {
    "word": "demit",
    "definition": "resign from (an office or position)"
  },
  {
    "word": "demoralize",
    "definition": "corrupt the morals of"
  },
  {
    "word": "dight",
    "definition": "clothed or equipped"
  },
  {
    "word": "discover",
    "definition": "divulge (a secret)"
  },
  {
    "word": "disport",
    "definition": "frolic"
  },
  {
    "word": "dispraise",
    "definition": "censure or criticize"
  },
  {
    "word": "divers",
    "definition": "of varying types; several"
  },
  {
    "word": "doit",
    "definition": "a very small amount of money"
  },
  {
    "word": "dot",
    "definition": "a dowry from which only the interest or annual income was available to the husband"
  },
  {
    "word": "doxy",
    "definition": "a lover or mistress"
  },
  {
    "word": "drab",
    "definition": "a slovenly woman"
  },
  {
    "word": "drought",
    "definition": "thirst"
  },
  {
    "word": "egad",
    "definition": "exclamation of surprise, anger, or affirmation"
  },
  {
    "word": "embarrass",
    "definition": "hamper or impede"
  },
  {
    "word": "embouchure",
    "definition": "the mouth of a river"
  },
  {
    "word": "equipage",
    "definition": "gear; equipment"
  },
  {
    "word": "ere",
    "definition": "before (in time)"
  },
  {
    "word": "espousal",
    "definition": "a marriage or engagement"
  },
  {
    "word": "estate",
    "definition": "a particular state, period, or condition in life"
  },
  {
    "word": "esurient",
    "definition": "hungry"
  },
  {
    "word": "expectations",
    "definition": "ones prospects of inheritance"
  },
  {
    "word": "expiry",
    "definition": "death"
  },
  {
    "word": "fain",
    "definition": "pleased or willing under the circumstances"
  },
  {
    "word": "fainéant",
    "definition": "an idle or ineffective person"
  },
  {
    "word": "fair",
    "definition": "beautiful"
  },
  {
    "word": "fandangle",
    "definition": "a useless or purely ornamental thing"
  },
  {
    "word": "fane",
    "definition": "a shrine or temple"
  },
  {
    "word": "fare",
    "definition": "travel"
  },
  {
    "word": "fell",
    "definition": "an animal skin; a pelt"
  },
  {
    "word": "feminal",
    "definition": "feminine; womanly"
  },
  {
    "word": "fervent",
    "definition": "hot or glowing"
  },
  {
    "word": "fie",
    "definition": "exclamation used to express disgust or outrage"
  },
  {
    "word": "filibeg",
    "definition": "a kilt"
  },
  {
    "word": "fishwife",
    "definition": "a woman who sells fish"
  },
  {
    "word": "fizgig",
    "definition": "a silly or flirtatious young woman"
  },
  {
    "word": "flux",
    "definition": "diarrhoea or dysentery"
  },
  {
    "word": "forfend",
    "definition": "avert or prevent (something evil or unpleasant)"
  },
  {
    "word": "forsooth",
    "definition": "indeed"
  },
  {
    "word": "fourscore",
    "definition": "eighty"
  },
  {
    "word": "freak",
    "definition": "a whim"
  },
  {
    "word": "frore",
    "definition": "frozen or frosty"
  },
  {
    "word": "froward",
    "definition": "(of a person) difficult to deal with; contrary"
  },
  {
    "word": "fruit",
    "definition": "offspring"
  },
  {
    "word": "fudge",
    "definition": "nonsense"
  },
  {
    "word": "furbish",
    "definition": "polish (a weapon)"
  },
  {
    "word": "gadzooks",
    "definition": "an expression of surprise or annoyance"
  },
  {
    "word": "gage",
    "definition": "a valued object deposited as a guarantee"
  },
  {
    "word": "gallant",
    "definition": "a dashing gentleman"
  },
  {
    "word": "gammer",
    "definition": "an old woman"
  },
  {
    "word": "garland",
    "definition": "a literary anthology"
  },
  {
    "word": "garth",
    "definition": "a yard or garden"
  },
  {
    "word": "gaud",
    "definition": "a trinket"
  },
  {
    "word": "gentle",
    "definition": "noble or courteous"
  },
  {
    "word": "glabriety",
    "definition": "baldness"
  },
  {
    "word": "glaciate",
    "definition": "freeze over"
  },
  {
    "word": "glebe",
    "definition": "a meadow"
  },
  {
    "word": "glim",
    "definition": "a candle"
  },
  {
    "word": "go-cart",
    "definition": "a baby walker"
  },
  {
    "word": "Gods acre",
    "definition": "a churchyard"
  },
  {
    "word": "goodly",
    "definition": "attractive, excellent, or virtuous"
  },
  {
    "word": "goody",
    "definition": "(with a name) an elderly woman of humble position"
  },
  {
    "word": "grateful",
    "definition": "received with gratitude"
  },
  {
    "word": "greenwood",
    "definition": "a forest"
  },
  {
    "word": "grimalkin",
    "definition": "a cat"
  },
  {
    "word": "gudgeon",
    "definition": "a credulous person"
  },
  {
    "word": "guerdon",
    "definition": "a reward"
  },
  {
    "word": "gyve",
    "definition": "a fetter or shackle"
  },
  {
    "word": "habiliment",
    "definition": "clothing"
  },
  {
    "word": "halt",
    "definition": "lame"
  },
  {
    "word": "handmaid",
    "definition": "a female servant"
  },
  {
    "word": "hearken",
    "definition": "listen"
  },
  {
    "word": "hence",
    "definition": "from here"
  },
  {
    "word": "herbary",
    "definition": "a herb garden"
  },
  {
    "word": "hereat",
    "definition": "as a result of this"
  },
  {
    "word": "hereunto",
    "definition": "to this document"
  },
  {
    "word": "hereupon",
    "definition": "after or as a result of this"
  },
  {
    "word": "hie",
    "definition": "go quickly"
  },
  {
    "word": "hight",
    "definition": "named"
  },
  {
    "word": "hither",
    "definition": "to or toward this place"
  },
  {
    "word": "hoar",
    "definition": "frost"
  },
  {
    "word": "horse-coper",
    "definition": "a person who deals in horses"
  },
  {
    "word": "horseless carriage",
    "definition": "a car"
  },
  {
    "word": "host",
    "definition": "an army"
  },
  {
    "word": "howbeit",
    "definition": "nevertheless"
  },
  {
    "word": "husbandman",
    "definition": "a farmer"
  },
  {
    "word": "immedicable",
    "definition": "untreatable"
  },
  {
    "word": "imminent",
    "definition": "overhanging"
  },
  {
    "word": "indite",
    "definition": "write; compose"
  },
  {
    "word": "inscribe",
    "definition": "enter the name of (someone) on a list"
  },
  {
    "word": "in sooth",
    "definition": "actually"
  },
  {
    "word": "intelligence",
    "definition": "news"
  },
  {
    "word": "intelligencer",
    "definition": "a person who gathers intelligence"
  },
  {
    "word": "invest",
    "definition": "surround (a place) in order to besiege or blockade it"
  },
  {
    "word": "iron horse",
    "definition": "a steam locomotive"
  },
  {
    "word": "izzard",
    "definition": "the letter Z"
  },
  {
    "word": "jade",
    "definition": "a bad-tempered or disreputable woman"
  },
  {
    "word": "jakes",
    "definition": "an outdoor toilet"
  },
  {
    "word": "job",
    "definition": "turn a public office or a position of trust to private advantage"
  },
  {
    "word": "kickshaw",
    "definition": "a fancy but insubstantial cooked dish"
  },
  {
    "word": "kine",
    "definition": "cows collectively"
  },
  {
    "word": "kirtle",
    "definition": "a womans gown or a mans tunic"
  },
  {
    "word": "knave",
    "definition": "a dishonest or unscrupulous man"
  },
  {
    "word": "larcener",
    "definition": "thief"
  },
  {
    "word": "latchet",
    "definition": "a narrow thong or lace for fastening a shoe or sandal"
  },
  {
    "word": "laud",
    "definition": "praise"
  },
  {
    "word": "laver",
    "definition": "a basin or similar container used for washing oneself"
  },
  {
    "word": "learn",
    "definition": "teach"
  },
  {
    "word": "leech",
    "definition": "a doctor or healer"
  },
  {
    "word": "leman",
    "definition": "a lover or sweetheart"
  },
  {
    "word": "let",
    "definition": "hinder"
  },
  {
    "word": "levant",
    "definition": "abscond leaving unpaid debts"
  },
  {
    "word": "Levant",
    "definition": "the eastern part of the Mediterranean"
  },
  {
    "word": "levy",
    "definition": "a body of enlisted troops"
  },
  {
    "word": "lief",
    "definition": "as happily; as gladly"
  },
  {
    "word": "like enough",
    "definition": "probably"
  },
  {
    "word": "loathly",
    "definition": "repulsive"
  },
  {
    "word": "lordling",
    "definition": "a minor lord"
  },
  {
    "word": "love apple",
    "definition": "a tomato"
  },
  {
    "word": "Lucifer",
    "definition": "a match"
  },
  {
    "word": "lurdan",
    "definition": "an idle or incompetent person"
  },
  {
    "word": "lying-in",
    "definition": "seclusion before and after childbirth"
  },
  {
    "word": "magdalen",
    "definition": "a reformed prostitute"
  },
  {
    "word": "mage",
    "definition": "a magician or learned person"
  },
  {
    "word": "magnify",
    "definition": "glorify; extol"
  },
  {
    "word": "maid",
    "definition": "a girl or young woman"
  },
  {
    "word": "malapert",
    "definition": "presumptuous and impudent"
  },
  {
    "word": "malison",
    "definition": "a curse"
  },
  {
    "word": "man-at-arms",
    "definition": "a soldier"
  },
  {
    "word": "marry",
    "definition": "an expression of surprise, indignation, or emphatic assertion"
  },
  {
    "word": "mayhap",
    "definition": "perhaps; possibly"
  },
  {
    "word": "mazed",
    "definition": "bewildered"
  },
  {
    "word": "measure",
    "definition": "a dance"
  },
  {
    "word": "meat",
    "definition": "food of any kind"
  },
  {
    "word": "mechanical",
    "definition": "a manual worker"
  },
  {
    "word": "meet",
    "definition": "suitable or proper"
  },
  {
    "word": "melodist",
    "definition": "a singer"
  },
  {
    "word": "methinks",
    "definition": "it seems to me"
  },
  {
    "word": "moil",
    "definition": "drudgery"
  },
  {
    "word": "mooncalf",
    "definition": "a foolish person"
  },
  {
    "word": "morrow, the",
    "definition": "the following day"
  },
  {
    "word": "mummer",
    "definition": "an actor in the theatre"
  },
  {
    "word": "natheless",
    "definition": "nevertheless"
  },
  {
    "word": "natural",
    "definition": "a person born with impaired intelligence"
  },
  {
    "word": "naught",
    "definition": "nothing"
  },
  {
    "word": "nay",
    "definition": "no"
  },
  {
    "word": "neat",
    "definition": "a bovine animal or animals"
  },
  {
    "word": "nice",
    "definition": "fastidious"
  },
  {
    "word": "nigh",
    "definition": "near"
  },
  {
    "word": "nithing",
    "definition": "a contemptible or despicable person"
  },
  {
    "word": "noise (something) about",
    "definition": "talk about or make known publicly"
  },
  {
    "word": "nubbing- cheat",
    "definition": "a gallows"
  },
  {
    "word": "numbles",
    "definition": "a deers entrails as food"
  },
  {
    "word": "orison",
    "definition": "a prayer"
  },
  {
    "word": "orts",
    "definition": "scraps; remains"
  },
  {
    "word": "otherwhere",
    "definition": "elsewhere"
  },
  {
    "word": "otiose",
    "definition": "lazy; slothful"
  },
  {
    "word": "overbrim",
    "definition": "spill; overflow"
  },
  {
    "word": "overleap",
    "definition": "jump over or across"
  },
  {
    "word": "overset",
    "definition": "capsize; flip over"
  },
  {
    "word": "pale",
    "definition": "an area within determined bounds or subject to a particular jurisdiction"
  },
  {
    "word": "palfrey",
    "definition": "a docile riding horse"
  },
  {
    "word": "pate",
    "definition": "a persons head"
  },
  {
    "word": "paynim",
    "definition": "a pagan"
  },
  {
    "word": "peccant",
    "definition": "sinful; offending"
  },
  {
    "word": "peeler",
    "definition": "a police officer"
  },
  {
    "word": "pelf",
    "definition": "money, especially when gained dishonestly"
  },
  {
    "word": "peradventure",
    "definition": "perhaps"
  },
  {
    "word": "perchance",
    "definition": "by some chance"
  },
  {
    "word": "peregrinate",
    "definition": "travel or wander from place to place"
  },
  {
    "word": "periapt",
    "definition": "a charm or amulet"
  },
  {
    "word": "pest",
    "definition": "bubonic plague"
  },
  {
    "word": "pestilence",
    "definition": "a fatal epidemic disease, especially bubonic plague"
  },
  {
    "word": "peterman",
    "definition": "a thief or safecracker"
  },
  {
    "word": "physic",
    "definition": "medicinal drugs or medical treatment"
  },
  {
    "word": "picaroon",
    "definition": "a scoundrel"
  },
  {
    "word": "piepowder",
    "definition": "a traveller or an itinerant merchant or trader"
  },
  {
    "word": "pismire",
    "definition": "an ant"
  },
  {
    "word": "pistoleer",
    "definition": "a soldier armed with a pistol"
  },
  {
    "word": "plain over",
    "definition": "lament; cry over"
  },
  {
    "word": "plight",
    "definition": "solemnly pledge or promise (faith or loyalty)"
  },
  {
    "word": "pollard",
    "definition": "an animal that has lost its horns or cast its antlers"
  },
  {
    "word": "poltroon",
    "definition": "an utter coward"
  },
  {
    "word": "popinjay",
    "definition": "a parrot"
  },
  {
    "word": "pore on",
    "definition": "think about"
  },
  {
    "word": "portage",
    "definition": "the action of carrying or transporting"
  },
  {
    "word": "portion",
    "definition": "a dowry"
  },
  {
    "word": "portion",
    "definition": "a persons destiny or lot"
  },
  {
    "word": "posy",
    "definition": "a short motto or line of verse inscribed inside a ring"
  },
  {
    "word": "potation",
    "definition": "a beverage"
  },
  {
    "word": "pouncet-box",
    "definition": "a small box with a perforated lid used for holding a substance impregnated with perfume"
  },
  {
    "word": "prithee",
    "definition": "please"
  },
  {
    "word": "profess",
    "definition": "teach (a subject) as a professor"
  },
  {
    "word": "purblind",
    "definition": "short-sighted"
  },
  {
    "word": "purfle",
    "definition": "an ornamental or embroidered edge of a garment"
  },
  {
    "word": "pythoness",
    "definition": "a woman believed to be possessed by a spirit and to be able to foresee the future"
  },
  {
    "word": "quaggy",
    "definition": "marshy or boggy"
  },
  {
    "word": "quality",
    "definition": "high social standing"
  },
  {
    "word": "quean",
    "definition": "an impudent girl or woman"
  },
  {
    "word": "quick, the",
    "definition": "the living"
  },
  {
    "word": "quidnunc",
    "definition": "an inquisitive, gossipy person"
  },
  {
    "word": "quiz",
    "definition": "look intently at (someone)"
  },
  {
    "word": "quoth",
    "definition": "said (in I/he/she quoth)"
  },
  {
    "word": "rack",
    "definition": "(of a cloud) be driven by the wind"
  },
  {
    "word": "raiment",
    "definition": "clothing"
  },
  {
    "word": "rapscallion",
    "definition": "a mischievous person"
  },
  {
    "word": "rathe-ripe",
    "definition": "(of fruit) ripening early in the year; (of a person) precocious"
  },
  {
    "word": "reave",
    "definition": "carry out a plundering raid"
  },
  {
    "word": "receipt",
    "definition": "a recipe"
  },
  {
    "word": "recipe",
    "definition": "a medical prescription"
  },
  {
    "word": "recompense",
    "definition": "punish or reward appropriately"
  },
  {
    "word": "recreant",
    "definition": "cowardly"
  },
  {
    "word": "rede",
    "definition": "advice or counsel"
  },
  {
    "word": "reduce",
    "definition": "besiege and capture (a town or fortress)"
  },
  {
    "word": "relieve",
    "definition": "make (something) stand out"
  },
  {
    "word": "remit",
    "definition": "diminish"
  },
  {
    "word": "repair",
    "definition": "an abode or haunt"
  },
  {
    "word": "repulsive",
    "definition": "lacking friendliness or sympathy"
  },
  {
    "word": "riband",
    "definition": "a ribbon"
  },
  {
    "word": "rover",
    "definition": "a pirate"
  },
  {
    "word": "rude",
    "definition": "ignorant and uneducated"
  },
  {
    "word": "ruth",
    "definition": "a feeling of pity, distress, or grief"
  },
  {
    "word": "sables",
    "definition": "black mourning clothes"
  },
  {
    "word": "sacring",
    "definition": "the consecration of a bishop, a sovereign, or the Eucharistic elements"
  },
  {
    "word": "saddle-bow",
    "definition": "the pommel of a saddle"
  },
  {
    "word": "salamander",
    "definition": "a red-hot iron or poker"
  },
  {
    "word": "sanative",
    "definition": "healing"
  },
  {
    "word": "sanguinary",
    "definition": "involving or causing much bloodshed"
  },
  {
    "word": "sap",
    "definition": "make (a building, etc.) insecure by removing its foundations"
  },
  {
    "word": "saturnism",
    "definition": "lead poisoning"
  },
  {
    "word": "scantling",
    "definition": "a specimen, sample, or small amount"
  },
  {
    "word": "scapegrace",
    "definition": "a mischievous person; a rascal"
  },
  {
    "word": "scaramouch",
    "definition": "a boastful but cowardly person"
  },
  {
    "word": "schoolman",
    "definition": "a teacher"
  },
  {
    "word": "science",
    "definition": "knowledge"
  },
  {
    "word": "sciolist",
    "definition": "a person who pretends to be knowledgeable"
  },
  {
    "word": "scold",
    "definition": "a woman who nags or grumbles constantly"
  },
  {
    "word": "scot",
    "definition": "a tax-like payment"
  },
  {
    "word": "scrag",
    "definition": "a neck"
  },
  {
    "word": "scruple",
    "definition": "a very small amount of something, especially a quality"
  },
  {
    "word": "scullion",
    "definition": "a menial servant"
  },
  {
    "word": "scurvy",
    "definition": "worthless or contemptible"
  },
  {
    "word": "sea coal",
    "definition": "mineral coal"
  },
  {
    "word": "sea smoke",
    "definition": "fog"
  },
  {
    "word": "seizing",
    "definition": "a length of cord or rope on board a ship"
  },
  {
    "word": "sennight",
    "definition": "a week"
  },
  {
    "word": "sepulture",
    "definition": "burial"
  },
  {
    "word": "shambles",
    "definition": "a slaughterhouse"
  },
  {
    "word": "shrift",
    "definition": "forgiveness"
  },
  {
    "word": "shrive",
    "definition": "(of a priest) absolve (a person making a confession)"
  },
  {
    "word": "silly",
    "definition": "helpless; defenceless"
  },
  {
    "word": "sippet",
    "definition": "a small piece of bread or toast for dipping into soup or sauce"
  },
  {
    "word": "skirt",
    "definition": "an edge, border, or extreme part"
  },
  {
    "word": "slay",
    "definition": "kill in a violent way"
  },
  {
    "word": "slipshod",
    "definition": "(of shoes) worn down at the heel"
  },
  {
    "word": "slugabed",
    "definition": "a lazy person who stays in bed late"
  },
  {
    "word": "small beer",
    "definition": "weak beer"
  },
  {
    "word": "smite",
    "definition": "defeat or conquer"
  },
  {
    "word": "soak",
    "definition": "drink heavily"
  },
  {
    "word": "soft tack",
    "definition": "bread, especially as rations for sailors or soldiers"
  },
  {
    "word": "soil",
    "definition": "a stain"
  },
  {
    "word": "sooth",
    "definition": "truth"
  },
  {
    "word": "sore",
    "definition": "extremely; severely"
  },
  {
    "word": "speed",
    "definition": "success; prosperity"
  },
  {
    "word": "spence",
    "definition": "a pantry or larder"
  },
  {
    "word": "statuary",
    "definition": "a sculptor"
  },
  {
    "word": "steed",
    "definition": "a horse"
  },
  {
    "word": "stoup",
    "definition": "a container for drinking beer, etc.; a flagon"
  },
  {
    "word": "stripe",
    "definition": "a blow with a lash"
  },
  {
    "word": "strumpet",
    "definition": "a female prostitute or a promiscuous woman"
  },
  {
    "word": "success",
    "definition": "a good or bad outcome"
  },
  {
    "word": "suffer",
    "definition": "endure; tolerate"
  },
  {
    "word": "surety, of/for a",
    "definition": "for certain"
  },
  {
    "word": "swain",
    "definition": "a country youth"
  },
  {
    "word": "swash",
    "definition": "flamboyantly swagger about or wield a sword"
  },
  {
    "word": "sweeting",
    "definition": "darling"
  },
  {
    "word": "sweetmeat",
    "definition": "an item of confectionery or sweet food"
  },
  {
    "word": "taiga",
    "definition": "a forest"
  },
  {
    "word": "tantivy",
    "definition": "a rapid gallop or ride"
  },
  {
    "word": "tapster",
    "definition": "a person who serves at a bar"
  },
  {
    "word": "tenter",
    "definition": "a person in charge of something, especially factory machinery"
  },
  {
    "word": "thenceforth",
    "definition": "from that time, place, or point onward"
  },
  {
    "word": "thereunto",
    "definition": "to that"
  },
  {
    "word": "therewith",
    "definition": "with or in the thing mentioned"
  },
  {
    "word": "thither",
    "definition": "to or toward that place"
  },
  {
    "word": "thrice",
    "definition": "three times"
  },
  {
    "word": "tilt with",
    "definition": "engage in a contest with"
  },
  {
    "word": "timbrel",
    "definition": "a tambourine or similar instrument"
  },
  {
    "word": "tis",
    "definition": "it is"
  },
  {
    "word": "tithe",
    "definition": "a tenth"
  },
  {
    "word": "tocsin",
    "definition": "an alarm bell or signal"
  },
  {
    "word": "tope",
    "definition": "drink to excess"
  },
  {
    "word": "trespass",
    "definition": "a sin or offence"
  },
  {
    "word": "trig",
    "definition": "neat and smart"
  },
  {
    "word": "trigon",
    "definition": "a triangle"
  },
  {
    "word": "troth",
    "definition": "faith or loyalty when pledged in a solemn undertaking"
  },
  {
    "word": "truck",
    "definition": "an exchange or transaction"
  },
  {
    "word": "turnkey",
    "definition": "a jailer"
  },
  {
    "word": "tween",
    "definition": "between"
  },
  {
    "word": "tweeny",
    "definition": "a maid who assisted both the cook and the housemaid"
  },
  {
    "word": "twelvemonth",
    "definition": "a year"
  },
  {
    "word": "uncle",
    "definition": "a pawnbroker"
  },
  {
    "word": "uncommon",
    "definition": "remarkably"
  },
  {
    "word": "unhand",
    "definition": "release from ones grasp"
  },
  {
    "word": "up to snuff",
    "definition": "up to the required standard"
  },
  {
    "word": "usher",
    "definition": "an assistant teacher"
  },
  {
    "word": "vale",
    "definition": "a farewell; a send-off"
  },
  {
    "word": "varlet",
    "definition": "an unprincipled rogue"
  },
  {
    "word": "venery",
    "definition": "hunting"
  },
  {
    "word": "verily",
    "definition": "truly; certainly"
  },
  {
    "word": "verse",
    "definition": "a line of poetry"
  },
  {
    "word": "very",
    "definition": "real; genuine"
  },
  {
    "word": "virtue",
    "definition": "virginity"
  },
  {
    "word": "visionary",
    "definition": "existing only in the imagination"
  },
  {
    "word": "wain",
    "definition": "a wagon or cart"
  },
  {
    "word": "wait on/upon",
    "definition": "pay a respectful visit to"
  },
  {
    "word": "waits",
    "definition": "street singers of Christmas carols"
  },
  {
    "word": "ware of",
    "definition": "aware of"
  },
  {
    "word": "wassail",
    "definition": "revelry"
  },
  {
    "word": "wast",
    "definition": "second person singular past of be"
  },
  {
    "word": "watch",
    "definition": "remain awake as religious observance"
  },
  {
    "word": "watchful",
    "definition": "wakeful"
  },
  {
    "word": "watchword",
    "definition": "a military password"
  },
  {
    "word": "weasand",
    "definition": "the oesophagus or gullet"
  },
  {
    "word": "ween",
    "definition": "think or suppose; be of the opinion"
  },
  {
    "word": "wench",
    "definition": "a girl or young woman"
  },
  {
    "word": "whence",
    "definition": "from what place or source"
  },
  {
    "word": "whereat",
    "definition": "at which"
  },
  {
    "word": "wherefore",
    "definition": "for what reason"
  },
  {
    "word": "wherewith",
    "definition": "with or by which"
  },
  {
    "word": "whilom",
    "definition": "formerly"
  },
  {
    "word": "white goods",
    "definition": "domestic linen"
  },
  {
    "word": "whither",
    "definition": "to what place or state"
  },
  {
    "word": "wife",
    "definition": "a woman, especially an old or uneducated one"
  },
  {
    "word": "wight",
    "definition": "a person of a specified kind"
  },
  {
    "word": "wise",
    "definition": "manner, way, or extent"
  },
  {
    "word": "withal",
    "definition": "in addition"
  },
  {
    "word": "without",
    "definition": "outside"
  },
  {
    "word": "wondrous",
    "definition": "wonderfully"
  },
  {
    "word": "wont",
    "definition": "accustomed"
  },
  {
    "word": "wonted",
    "definition": "usual"
  },
  {
    "word": "wool-stapler",
    "definition": "a dealer in wool"
  },
  {
    "word": "wright",
    "definition": "a maker or builder"
  },
  {
    "word": "yclept",
    "definition": "by the name of"
  },
  {
    "word": "ye",
    "definition": "you"
  },
  {
    "word": "yea",
    "definition": "yes"
  },
  {
    "word": "yoke",
    "definition": "the amount of land that one pair of oxen could plough in a day"
  },
  {
    "word": "yonder",
    "definition": "over there"
  },
  {
    "word": "zounds",
    "definition": "an expression of surprise or indignation"
  }
]
